fetched_at,corridor,road_segment,travel_time_mins,last_update
2026-08-01T01:11:59.931Z,16 Avenue,WB 16 Ave: Stoney Tr NE to Valley Ridge Bv NW via 16 Ave,31,2026-07-31T19:04:01.000
2026-08-01T01:11:59.931Z,16 Avenue,WB 16 Ave: Stoney Tr NE to Valley Ridge Bv Via Stoney Tr,27,2026-07-31T19:04:01.000
2026-08-01T01:11:59.931Z,Crowchild Trail,NB Crowchild Tr: 50 Ave SW to 24 Ave NW,8,2026-07-31T19:04:01.000
2026-08-01T01:11:59.931Z,Crowchild Trail,NB Crowchild Tr: 50 Ave SW to Memorial Dr NW,4,2026-07-31T19:04:01.000
2026-08-01T01:11:59.931Z,Crowchild Trail,NB Crowchild Tr: Glenmore Tr SW to 24 Ave NW,10,2026-07-31T19:04:01.000
2026-08-01T01:11:59.931Z,Crowchild Trail,SB Crowchild Tr: 12 Mile Coulee Rd NW to Glenmore Tr SW,17,2026-07-31T19:04:01.000
2026-08-01T01:11:59.931Z,Crowchild Trail,SB Crowchild Tr: 12 Mile Coulee Rd NW to Memorial Dr NW,13,2026-07-31T19:04:01.000
2026-08-01T01:11:59.931Z,Crowchild Trail,SB Crowchild Tr: 24 Ave NW to 17 Ave SW,6,2026-07-31T19:04:01.000
2026-08-01T01:11:59.931Z,Crowchild Trail,SB Crowchild Tr: 24 Ave NW to Glenmore Tr SW,10,2026-07-31T19:04:01.000
2026-08-01T01:11:59.931Z,Crowchild Trail,SB Crowchild Tr: 33 Ave SW to Deerfoot Tr SE,7,2026-07-31T19:04:01.000
2026-08-01T01:11:59.931Z,Crowchild Trail,SB Crowchild Tr: 33 Ave SW to Glenmore Tr SW,3,2026-07-31T19:04:01.000
2026-08-01T01:11:59.931Z,Deerfoot Trail,NB Deerfoot Tr: 17 Ave SE to Airport Tr NE,8,2026-07-31T19:04:01.000
2026-08-01T01:11:59.931Z,Deerfoot Trail,NB Deerfoot Tr: 17 Ave SE to Stoney Tr NE,11,2026-07-31T19:04:01.000
2026-08-01T01:11:59.931Z,Deerfoot Trail,NB Deerfoot Tr: 274 Ave S to City Centre via Deerfoot Tr,29,2026-07-31T19:04:01.000
2026-08-01T01:11:59.931Z,Deerfoot Trail,NB Deerfoot Tr: 32 Ave NE to Airport Tr NE,4,2026-07-31T19:04:01.000
2026-08-01T01:11:59.931Z,Deerfoot Trail,NB Deerfoot Tr: 32 Ave NE to Stoney Tr NE,7,2026-07-31T19:04:01.000
2026-08-01T01:11:59.931Z,Deerfoot Trail,NB Deerfoot Tr: 8 Ave NE to Airport Tr NE,6,2026-07-31T19:04:01.000
2026-08-01T01:11:59.931Z,Deerfoot Trail,NB Deerfoot Tr: 8 Ave NE to Stoney Tr NE,9,2026-07-31T19:04:01.000
2026-08-01T01:11:59.931Z,Deerfoot Trail,NB Deerfoot Tr: Anderson Rd SE to Airport Tr NE,16,2026-07-31T19:04:01.000
2026-08-01T01:11:59.931Z,Deerfoot Trail,NB Deerfoot Tr: Anderson Rd SE to Memorial Dr SE,10,2026-07-31T19:04:01.000
2026-08-01T01:11:59.931Z,Deerfoot Trail,NB Deerfoot Tr: Cranston Ave SE to Memorial Dr SE,19,2026-07-31T19:04:01.000
2026-08-01T01:11:59.931Z,Deerfoot Trail,NB Deerfoot Tr: Cranston Ave SE to Southland Dr SE,11,2026-07-31T19:04:01.000
2026-08-01T01:11:59.931Z,Deerfoot Trail,NB Deerfoot Tr: Glenmore Tr SE to Airport Tr NE,11,2026-07-31T19:04:01.000
2026-08-01T01:11:59.931Z,Deerfoot Trail,NB Deerfoot Tr: Glenmore Tr SE to Memorial Dr SE,5,2026-07-31T19:04:01.000
2026-08-01T01:11:59.931Z,Deerfoot Trail,NB Deerfoot Tr: Glenmore Tr SE to Stoney Tr NE,13,2026-07-31T19:04:01.000
2026-08-01T01:11:59.931Z,Deerfoot Trail,SB Deerfoot Tr: 17 Ave SE to Anderson Rd SE,14,2026-07-31T19:04:01.000
2026-08-01T01:11:59.931Z,Deerfoot Trail,SB Deerfoot Tr: 17 Ave SE to Stoney Tr SE,19,2026-07-31T19:04:01.000
2026-08-01T01:11:59.931Z,Deerfoot Trail,SB Deerfoot Tr: 64 Ave NE to Anderson Rd SE,20,2026-07-31T19:04:01.000
2026-08-01T01:11:59.931Z,Deerfoot Trail,SB Deerfoot Tr: 64 Ave NE to Memorial Dr SE,5,2026-07-31T19:04:01.000
2026-08-01T01:11:59.931Z,Deerfoot Trail,SB Deerfoot Tr: 8 Ave SE to Glenmore Tr SE,11,2026-07-31T19:04:01.000
2026-08-01T01:11:59.931Z,Deerfoot Trail,SB Deerfoot Tr: 8 Ave SE to Stoney Tr SE,19,2026-07-31T19:04:01.000
2026-08-01T01:11:59.931Z,Deerfoot Trail,SB Deerfoot Tr: Airport Tr NE to Anderson Rd SE,22,2026-07-31T19:04:01.000
2026-08-01T01:11:59.931Z,Deerfoot Trail,SB Deerfoot Tr: Airport Tr NE to Memorial Dr SE,7,2026-07-31T19:04:01.000
2026-08-01T01:11:59.931Z,Deerfoot Trail,SB Deerfoot Tr: Balzac  to Stoney Tr SE via Deerfoot Tr,31,2026-07-31T19:04:01.000
2026-08-01T01:11:59.931Z,Deerfoot Trail,SB Deerfoot Tr: Peigan Tr SE to Anderson Rd SE,11,2026-07-31T19:04:01.000
2026-08-01T01:11:59.931Z,Deerfoot Trail,SB Deerfoot Tr: Peigan Tr SE to Stoney Tr SE,15,2026-07-31T19:04:01.000
2026-08-01T01:11:59.931Z,Glenmore Trail,EB Glenmore Tr: Crowchild Tr SW to Deerfoot Tr SE,5,2026-07-31T19:04:01.000
2026-08-01T01:11:59.931Z,Glenmore Trail,WB Glenmore Tr: Odgen Rd SE to Bow Trail SW,10,2026-07-31T19:04:01.000
2026-08-01T01:11:59.931Z,Glenmore Trail,WB Glenmore Tr: Odgen Rd SE to Crowchild Tr SW,7,2026-07-31T19:04:01.000
2026-08-01T01:11:59.931Z,Macleod Trail,NB Macleod Tr: 274 Ave S to City Centre via Macleod Tr,29,2026-07-31T19:04:01.000
2026-08-01T01:11:59.931Z,Macleod Trail,NB Macleod Tr: Anderson Rd SE to 7 Av SE,16,2026-07-31T19:04:01.000
2026-08-01T01:11:59.931Z,Macleod Trail,NB Macleod Tr: Anderson Rd SE to Blackfoot Tr SW,25,2026-07-31T19:04:01.000
2026-08-01T01:11:59.931Z,Macleod Trail,NB Macleod Tr: Anderson Rd SE to Crowchild Tr SW,10,2026-07-31T19:04:01.000
2026-08-01T01:11:59.931Z,Macleod Trail,NB Macleod Tr: N of 25 Ave S to City Centre,3,2026-07-31T19:04:01.000
2026-08-01T01:11:59.931Z,Stoney Trail,EB Stoney Tr: Chaparral Blvd SE to 16 Ave NE,17,2026-07-31T19:04:01.000
2026-08-01T01:11:59.931Z,Stoney Trail,EB Stoney Tr: Chaparral Blvd SE to Glenmore Tr SE,9,2026-07-31T19:04:01.000
2026-08-01T01:11:59.931Z,Stoney Trail,EB Stoney Tr: Harvest Hills Blvd NW to 16 Ave NE,13,2026-07-31T19:04:01.000
2026-08-01T01:11:59.931Z,Stoney Trail,EB Stoney Tr: Harvest Hills Blvd NW to Glenmore Tr SE,19,2026-07-31T19:04:01.000
2026-08-01T01:11:59.931Z,Stoney Trail,EB Stoney W : Sarcee Tr NW to 16 Ave NE,18,2026-07-31T19:04:01.000
2026-08-01T01:11:59.931Z,Stoney Trail,EB Stoney W : Sarcee Tr NW to Deerfoot Tr N,7,2026-07-31T19:04:01.000
2026-08-01T01:11:59.931Z,Stoney Trail,NB Stoney Tr: 114 Ave SE to 16 Ave NE,11,2026-07-31T19:04:01.000
2026-08-01T01:11:59.931Z,Stoney Trail,NB Stoney Tr: 114 Ave SE to Deerfoot Tr NE,22,2026-07-31T19:04:01.000
2026-08-01T01:11:59.931Z,Stoney Trail,NB Stoney Tr: McKnight Blvd NE to Crowchild Tr NW,20,2026-07-31T19:04:01.000
2026-08-01T01:11:59.931Z,Stoney Trail,NB Stoney Tr: McKnight Blvd NE to Deerfoot Tr N,9,2026-07-31T19:04:01.000
2026-08-01T01:11:59.931Z,Stoney Trail,NB Stoney Tr: Peigan Tr SE to Deerfoot Tr NE,18,2026-07-31T19:04:01.000
2026-08-01T01:11:59.931Z,Stoney Trail,NB Stoney Tr: Peigan Tr SE to McKnight Blvd NE,9,2026-07-31T19:04:01.000
2026-08-01T01:11:59.931Z,Stoney Trail,SB Deerfoot Tr: Balzac  to Stoney Tr SE via Stoney Tr,26,2026-07-31T19:04:01.000
2026-08-01T01:11:59.931Z,Stoney Trail,SB Stoney Tr: Mcknight Blvd NE to Deerfoot Tr S,14,2026-07-31T19:04:01.000
2026-08-01T01:11:59.931Z,Stoney Trail,SB Stoney Tr: Mcknight Blvd NE to Glenmore Tr SE,7,2026-07-31T19:04:01.000
2026-08-01T01:11:59.931Z,Stoney Trail,SB Stoney Tr: Peigan Tr SE to 52 St SE,8,2026-07-31T19:04:01.000
2026-08-01T01:11:59.931Z,Stoney Trail,SB Stoney Tr: Peigan Tr SE to Macleod Tr SE,13,2026-07-31T19:04:01.000
2026-08-01T01:11:59.931Z,Stoney Trail,WB Stoney Tr: 52 St SE to James Mckevitt Rd SW,7,2026-07-31T19:04:01.000
2026-08-01T01:11:59.931Z,Stoney Trail,WB Stoney Tr: 52 St SE to Macleod Tr SE,5,2026-07-31T19:04:01.000
2026-08-01T01:11:59.931Z,Stoney Trail,WB Stoney Tr: Country Hills Blvd NW to 16 Ave NW,5,2026-07-31T19:04:01.000
2026-08-01T01:11:59.931Z,Stoney Trail,WB Stoney Tr: Deerfoot Tr NW to 16 Ave NW,13,2026-07-31T19:04:01.000
2026-08-01T01:11:59.931Z,Stoney Trail,WB Stoney Tr: Deerfoot Tr NW to Crowchild Tr NW,9,2026-07-31T19:04:01.000
2026-08-01T01:11:59.931Z,Trans Canada Highway,WB Trans Canada Hwy: Hwy 22 to Banff,51,2026-07-31T19:04:01.000
2026-08-01T04:37:46.556Z,16 Avenue,WB 16 Ave: Stoney Tr NE to Valley Ridge Bv NW via 16 Ave,29,2026-07-31T22:24:05.000
2026-08-01T04:37:46.556Z,16 Avenue,WB 16 Ave: Stoney Tr NE to Valley Ridge Bv Via Stoney Tr,27,2026-07-31T22:24:05.000
2026-08-01T04:37:46.556Z,Crowchild Trail,NB Crowchild Tr: 50 Ave SW to 24 Ave NW,8,2026-07-31T22:24:05.000
2026-08-01T04:37:46.556Z,Crowchild Trail,NB Crowchild Tr: 50 Ave SW to Memorial Dr NW,4,2026-07-31T22:24:05.000
2026-08-01T04:37:46.556Z,Crowchild Trail,NB Crowchild Tr: Glenmore Tr SW to 24 Ave NW,10,2026-07-31T22:24:05.000
2026-08-01T04:37:46.556Z,Crowchild Trail,SB Crowchild Tr: 12 Mile Coulee Rd NW to Glenmore Tr SW,18,2026-07-31T22:24:05.000
2026-08-01T04:37:46.556Z,Crowchild Trail,SB Crowchild Tr: 12 Mile Coulee Rd NW to Memorial Dr NW,13,2026-07-31T22:24:05.000
2026-08-01T04:37:46.556Z,Crowchild Trail,SB Crowchild Tr: 24 Ave NW to 17 Ave SW,6,2026-07-31T22:24:05.000
2026-08-01T04:37:46.556Z,Crowchild Trail,SB Crowchild Tr: 24 Ave NW to Glenmore Tr SW,10,2026-07-31T22:24:05.000
2026-08-01T04:37:46.556Z,Crowchild Trail,SB Crowchild Tr: 33 Ave SW to Deerfoot Tr SE,8,2026-07-31T22:24:05.000
2026-08-01T04:37:46.556Z,Crowchild Trail,SB Crowchild Tr: 33 Ave SW to Glenmore Tr SW,4,2026-07-31T22:24:05.000
2026-08-01T04:37:46.556Z,Deerfoot Trail,NB Deerfoot Tr: 17 Ave SE to Airport Tr NE,9,2026-07-31T22:24:05.000
2026-08-01T04:37:46.556Z,Deerfoot Trail,NB Deerfoot Tr: 17 Ave SE to Stoney Tr NE,13,2026-07-31T22:24:05.000
2026-08-01T04:37:46.556Z,Deerfoot Trail,NB Deerfoot Tr: 274 Ave S to City Centre via Deerfoot Tr,28,2026-07-31T22:24:05.000
2026-08-01T04:37:46.556Z,Deerfoot Trail,NB Deerfoot Tr: 32 Ave NE to Airport Tr NE,5,2026-07-31T22:24:05.000
2026-08-01T04:37:46.556Z,Deerfoot Trail,NB Deerfoot Tr: 32 Ave NE to Stoney Tr NE,8,2026-07-31T22:24:05.000
2026-08-01T04:37:46.556Z,Deerfoot Trail,NB Deerfoot Tr: 8 Ave NE to Airport Tr NE,7,2026-07-31T22:24:05.000
2026-08-01T04:37:46.556Z,Deerfoot Trail,NB Deerfoot Tr: 8 Ave NE to Stoney Tr NE,10,2026-07-31T22:24:05.000
2026-08-01T04:37:46.556Z,Deerfoot Trail,NB Deerfoot Tr: Anderson Rd SE to Airport Tr NE,17,2026-07-31T22:24:05.000
2026-08-01T04:37:46.556Z,Deerfoot Trail,NB Deerfoot Tr: Anderson Rd SE to Memorial Dr SE,10,2026-07-31T22:24:05.000
2026-08-01T04:37:46.556Z,Deerfoot Trail,NB Deerfoot Tr: Cranston Ave SE to Memorial Dr SE,18,2026-07-31T22:24:05.000
2026-08-01T04:37:46.556Z,Deerfoot Trail,NB Deerfoot Tr: Cranston Ave SE to Southland Dr SE,10,2026-07-31T22:24:05.000
2026-08-01T04:37:46.556Z,Deerfoot Trail,NB Deerfoot Tr: Glenmore Tr SE to Airport Tr NE,12,2026-07-31T22:24:05.000
2026-08-01T04:37:46.556Z,Deerfoot Trail,NB Deerfoot Tr: Glenmore Tr SE to Memorial Dr SE,5,2026-07-31T22:24:05.000
2026-08-01T04:37:46.556Z,Deerfoot Trail,NB Deerfoot Tr: Glenmore Tr SE to Stoney Tr NE,15,2026-07-31T22:24:05.000
2026-08-01T04:37:46.556Z,Deerfoot Trail,SB Deerfoot Tr: 17 Ave SE to Anderson Rd SE,9,2026-07-31T22:24:05.000
2026-08-01T04:37:46.556Z,Deerfoot Trail,SB Deerfoot Tr: 17 Ave SE to Stoney Tr SE,14,2026-07-31T22:24:05.000
2026-08-01T04:37:46.556Z,Deerfoot Trail,SB Deerfoot Tr: 64 Ave NE to Anderson Rd SE,14,2026-07-31T22:24:05.000
2026-08-01T04:37:46.556Z,Deerfoot Trail,SB Deerfoot Tr: 64 Ave NE to Memorial Dr SE,5,2026-07-31T22:24:05.000
2026-08-01T04:37:46.556Z,Deerfoot Trail,SB Deerfoot Tr: 8 Ave SE to Glenmore Tr SE,6,2026-07-31T22:24:05.000
2026-08-01T04:37:46.556Z,Deerfoot Trail,SB Deerfoot Tr: 8 Ave SE to Stoney Tr SE,15,2026-07-31T22:24:05.000
2026-08-01T04:37:46.556Z,Deerfoot Trail,SB Deerfoot Tr: Airport Tr NE to Anderson Rd SE,16,2026-07-31T22:24:05.000
2026-08-01T04:37:46.556Z,Deerfoot Trail,SB Deerfoot Tr: Airport Tr NE to Memorial Dr SE,7,2026-07-31T22:24:05.000
2026-08-01T04:37:46.556Z,Deerfoot Trail,SB Deerfoot Tr: Balzac  to Stoney Tr SE via Deerfoot Tr,26,2026-07-31T22:24:05.000
2026-08-01T04:37:46.556Z,Deerfoot Trail,SB Deerfoot Tr: Peigan Tr SE to Anderson Rd SE,8,2026-07-31T22:24:05.000
2026-08-01T04:37:46.556Z,Deerfoot Trail,SB Deerfoot Tr: Peigan Tr SE to Stoney Tr SE,12,2026-07-31T22:24:05.000
2026-08-01T04:37:46.556Z,Glenmore Trail,EB Glenmore Tr: Crowchild Tr SW to Deerfoot Tr SE,6,2026-07-31T22:24:05.000
2026-08-01T04:37:46.556Z,Glenmore Trail,WB Glenmore Tr: Odgen Rd SE to Bow Trail SW,11,2026-07-31T22:24:05.000
2026-08-01T04:37:46.556Z,Glenmore Trail,WB Glenmore Tr: Odgen Rd SE to Crowchild Tr SW,7,2026-07-31T22:24:05.000
2026-08-01T04:37:46.556Z,Macleod Trail,NB Macleod Tr: 274 Ave S to City Centre via Macleod Tr,29,2026-07-31T22:24:05.000
2026-08-01T04:37:46.556Z,Macleod Trail,NB Macleod Tr: Anderson Rd SE to 7 Av SE,15,2026-07-31T22:24:05.000
2026-08-01T04:37:46.556Z,Macleod Trail,NB Macleod Tr: Anderson Rd SE to Blackfoot Tr SW,23,2026-07-31T22:24:05.000
2026-08-01T04:37:46.556Z,Macleod Trail,NB Macleod Tr: Anderson Rd SE to Crowchild Tr SW,10,2026-07-31T22:24:05.000
2026-08-01T04:37:46.556Z,Macleod Trail,NB Macleod Tr: N of 25 Ave S to City Centre,3,2026-07-31T22:24:05.000
2026-08-01T04:37:46.556Z,Stoney Trail,EB Stoney Tr: Chaparral Blvd SE to 16 Ave NE,15,2026-07-31T22:24:05.000
2026-08-01T04:37:46.556Z,Stoney Trail,EB Stoney Tr: Chaparral Blvd SE to Glenmore Tr SE,9,2026-07-31T22:24:05.000
2026-08-01T04:37:46.556Z,Stoney Trail,EB Stoney Tr: Harvest Hills Blvd NW to 16 Ave NE,14,2026-07-31T22:24:05.000
2026-08-01T04:37:46.556Z,Stoney Trail,EB Stoney Tr: Harvest Hills Blvd NW to Glenmore Tr SE,19,2026-07-31T22:24:05.000
2026-08-01T04:37:46.556Z,Stoney Trail,EB Stoney W : Sarcee Tr NW to 16 Ave NE,18,2026-07-31T22:24:05.000
2026-08-01T04:37:46.556Z,Stoney Trail,EB Stoney W : Sarcee Tr NW to Deerfoot Tr N,7,2026-07-31T22:24:05.000
2026-08-01T04:37:46.556Z,Stoney Trail,NB Stoney Tr: 114 Ave SE to 16 Ave NE,8,2026-07-31T22:24:05.000
2026-08-01T04:37:46.556Z,Stoney Trail,NB Stoney Tr: 114 Ave SE to Deerfoot Tr NE,19,2026-07-31T22:24:05.000
2026-08-01T04:37:46.556Z,Stoney Trail,NB Stoney Tr: McKnight Blvd NE to Crowchild Tr NW,20,2026-07-31T22:24:05.000
2026-08-01T04:37:46.556Z,Stoney Trail,NB Stoney Tr: McKnight Blvd NE to Deerfoot Tr N,9,2026-07-31T22:24:05.000
2026-08-01T04:37:46.556Z,Stoney Trail,NB Stoney Tr: Peigan Tr SE to Deerfoot Tr NE,15,2026-07-31T22:24:05.000
2026-08-01T04:37:46.556Z,Stoney Trail,NB Stoney Tr: Peigan Tr SE to McKnight Blvd NE,6,2026-07-31T22:24:05.000
2026-08-01T04:37:46.556Z,Stoney Trail,SB Deerfoot Tr: Balzac  to Stoney Tr SE via Stoney Tr,26,2026-07-31T22:24:05.000
2026-08-01T04:37:46.556Z,Stoney Trail,SB Stoney Tr: Mcknight Blvd NE to Deerfoot Tr S,15,2026-07-31T22:24:05.000
2026-08-01T04:37:46.556Z,Stoney Trail,SB Stoney Tr: Mcknight Blvd NE to Glenmore Tr SE,8,2026-07-31T22:24:05.000
2026-08-01T04:37:46.556Z,Stoney Trail,SB Stoney Tr: Peigan Tr SE to 52 St SE,9,2026-07-31T22:24:05.000
2026-08-01T04:37:46.556Z,Stoney Trail,SB Stoney Tr: Peigan Tr SE to Macleod Tr SE,14,2026-07-31T22:24:05.000
2026-08-01T04:37:46.556Z,Stoney Trail,WB Stoney Tr: 52 St SE to James Mckevitt Rd SW,7,2026-07-31T22:24:05.000
2026-08-01T04:37:46.556Z,Stoney Trail,WB Stoney Tr: 52 St SE to Macleod Tr SE,5,2026-07-31T22:24:05.000
2026-08-01T04:37:46.556Z,Stoney Trail,WB Stoney Tr: Country Hills Blvd NW to 16 Ave NW,6,2026-07-31T22:24:05.000
2026-08-01T04:37:46.556Z,Stoney Trail,WB Stoney Tr: Deerfoot Tr NW to 16 Ave NW,14,2026-07-31T22:24:05.000
2026-08-01T04:37:46.556Z,Stoney Trail,WB Stoney Tr: Deerfoot Tr NW to Crowchild Tr NW,10,2026-07-31T22:24:05.000
2026-08-01T04:37:46.556Z,Trans Canada Highway,WB Trans Canada Hwy: Hwy 22 to Banff,51,2026-07-31T22:24:05.000
2026-08-01T07:11:19.367Z,16 Avenue,WB 16 Ave: Stoney Tr NE to Valley Ridge Bv NW via 16 Ave,29,2026-08-01T01:04:03.000
2026-08-01T07:11:19.367Z,16 Avenue,WB 16 Ave: Stoney Tr NE to Valley Ridge Bv Via Stoney Tr,27,2026-08-01T01:04:03.000
2026-08-01T07:11:19.367Z,Crowchild Trail,NB Crowchild Tr: 50 Ave SW to 24 Ave NW,7,2026-08-01T01:04:03.000
2026-08-01T07:11:19.367Z,Crowchild Trail,NB Crowchild Tr: 50 Ave SW to Memorial Dr NW,4,2026-08-01T01:04:03.000
2026-08-01T07:11:19.367Z,Crowchild Trail,NB Crowchild Tr: Glenmore Tr SW to 24 Ave NW,9,2026-08-01T01:04:03.000
2026-08-01T07:11:19.367Z,Crowchild Trail,SB Crowchild Tr: 12 Mile Coulee Rd NW to Glenmore Tr SW,17,2026-08-01T01:04:03.000
2026-08-01T07:11:19.367Z,Crowchild Trail,SB Crowchild Tr: 12 Mile Coulee Rd NW to Memorial Dr NW,12,2026-08-01T01:04:03.000
2026-08-01T07:11:19.367Z,Crowchild Trail,SB Crowchild Tr: 24 Ave NW to 17 Ave SW,5,2026-08-01T01:04:03.000
2026-08-01T07:11:19.367Z,Crowchild Trail,SB Crowchild Tr: 24 Ave NW to Glenmore Tr SW,9,2026-08-01T01:04:03.000
2026-08-01T07:11:19.367Z,Crowchild Trail,SB Crowchild Tr: 33 Ave SW to Deerfoot Tr SE,7,2026-08-01T01:04:03.000
2026-08-01T07:11:19.367Z,Crowchild Trail,SB Crowchild Tr: 33 Ave SW to Glenmore Tr SW,4,2026-08-01T01:04:03.000
2026-08-01T07:11:19.367Z,Deerfoot Trail,NB Deerfoot Tr: 17 Ave SE to Airport Tr NE,9,2026-08-01T01:04:03.000
2026-08-01T07:11:19.367Z,Deerfoot Trail,NB Deerfoot Tr: 17 Ave SE to Stoney Tr NE,11,2026-08-01T01:04:03.000
2026-08-01T07:11:19.367Z,Deerfoot Trail,NB Deerfoot Tr: 274 Ave S to City Centre via Deerfoot Tr,28,2026-08-01T01:04:03.000
2026-08-01T07:11:19.367Z,Deerfoot Trail,NB Deerfoot Tr: 32 Ave NE to Airport Tr NE,4,2026-08-01T01:04:03.000
2026-08-01T07:11:19.367Z,Deerfoot Trail,NB Deerfoot Tr: 32 Ave NE to Stoney Tr NE,7,2026-08-01T01:04:03.000
2026-08-01T07:11:19.367Z,Deerfoot Trail,NB Deerfoot Tr: 8 Ave NE to Airport Tr NE,7,2026-08-01T01:04:03.000
2026-08-01T07:11:19.367Z,Deerfoot Trail,NB Deerfoot Tr: 8 Ave NE to Stoney Tr NE,9,2026-08-01T01:04:03.000
2026-08-01T07:11:19.367Z,Deerfoot Trail,NB Deerfoot Tr: Anderson Rd SE to Airport Tr NE,16,2026-08-01T01:04:03.000
2026-08-01T07:11:19.367Z,Deerfoot Trail,NB Deerfoot Tr: Anderson Rd SE to Memorial Dr SE,10,2026-08-01T01:04:03.000
2026-08-01T07:11:19.367Z,Deerfoot Trail,NB Deerfoot Tr: Cranston Ave SE to Memorial Dr SE,18,2026-08-01T01:04:03.000
2026-08-01T07:11:19.367Z,Deerfoot Trail,NB Deerfoot Tr: Cranston Ave SE to Southland Dr SE,10,2026-08-01T01:04:03.000
2026-08-01T07:11:19.367Z,Deerfoot Trail,NB Deerfoot Tr: Glenmore Tr SE to Airport Tr NE,11,2026-08-01T01:04:03.000
2026-08-01T07:11:19.367Z,Deerfoot Trail,NB Deerfoot Tr: Glenmore Tr SE to Memorial Dr SE,5,2026-08-01T01:04:03.000
2026-08-01T07:11:19.367Z,Deerfoot Trail,NB Deerfoot Tr: Glenmore Tr SE to Stoney Tr NE,14,2026-08-01T01:04:03.000
2026-08-01T07:11:19.367Z,Deerfoot Trail,SB Deerfoot Tr: 17 Ave SE to Anderson Rd SE,8,2026-08-01T01:04:03.000
2026-08-01T07:11:19.367Z,Deerfoot Trail,SB Deerfoot Tr: 17 Ave SE to Stoney Tr SE,12,2026-08-01T01:04:03.000
2026-08-01T07:11:19.367Z,Deerfoot Trail,SB Deerfoot Tr: 64 Ave NE to Anderson Rd SE,13,2026-08-01T01:04:03.000
2026-08-01T07:11:19.367Z,Deerfoot Trail,SB Deerfoot Tr: 64 Ave NE to Memorial Dr SE,5,2026-08-01T01:04:03.000
2026-08-01T07:11:19.367Z,Deerfoot Trail,SB Deerfoot Tr: 8 Ave SE to Glenmore Tr SE,6,2026-08-01T01:04:03.000
2026-08-01T07:11:19.367Z,Deerfoot Trail,SB Deerfoot Tr: 8 Ave SE to Stoney Tr SE,13,2026-08-01T01:04:03.000
2026-08-01T07:11:19.367Z,Deerfoot Trail,SB Deerfoot Tr: Airport Tr NE to Anderson Rd SE,16,2026-08-01T01:04:03.000
2026-08-01T07:11:19.367Z,Deerfoot Trail,SB Deerfoot Tr: Airport Tr NE to Memorial Dr SE,7,2026-08-01T01:04:03.000
2026-08-01T07:11:19.367Z,Deerfoot Trail,SB Deerfoot Tr: Balzac  to Stoney Tr SE via Deerfoot Tr,25,2026-08-01T01:04:03.000
2026-08-01T07:11:19.367Z,Deerfoot Trail,SB Deerfoot Tr: Peigan Tr SE to Anderson Rd SE,6,2026-08-01T01:04:03.000
2026-08-01T07:11:19.367Z,Deerfoot Trail,SB Deerfoot Tr: Peigan Tr SE to Stoney Tr SE,11,2026-08-01T01:04:03.000
2026-08-01T07:11:19.367Z,Glenmore Trail,EB Glenmore Tr: Crowchild Tr SW to Deerfoot Tr SE,5,2026-08-01T01:04:03.000
2026-08-01T07:11:19.367Z,Glenmore Trail,WB Glenmore Tr: Odgen Rd SE to Bow Trail SW,11,2026-08-01T01:04:03.000
2026-08-01T07:11:19.367Z,Glenmore Trail,WB Glenmore Tr: Odgen Rd SE to Crowchild Tr SW,7,2026-08-01T01:04:03.000
2026-08-01T07:11:19.367Z,Macleod Trail,NB Macleod Tr: 274 Ave S to City Centre via Macleod Tr,26,2026-08-01T01:04:03.000
2026-08-01T07:11:19.367Z,Macleod Trail,NB Macleod Tr: Anderson Rd SE to 7 Av SE,14,2026-08-01T01:04:03.000
2026-08-01T07:11:19.367Z,Macleod Trail,NB Macleod Tr: Anderson Rd SE to Blackfoot Tr SW,23,2026-08-01T01:04:03.000
2026-08-01T07:11:19.367Z,Macleod Trail,NB Macleod Tr: Anderson Rd SE to Crowchild Tr SW,9,2026-08-01T01:04:03.000
2026-08-01T07:11:19.367Z,Macleod Trail,NB Macleod Tr: N of 25 Ave S to City Centre,3,2026-08-01T01:04:03.000
2026-08-01T07:11:19.367Z,Stoney Trail,EB Stoney Tr: Chaparral Blvd SE to 16 Ave NE,15,2026-08-01T01:04:03.000
2026-08-01T07:11:19.367Z,Stoney Trail,EB Stoney Tr: Chaparral Blvd SE to Glenmore Tr SE,9,2026-08-01T01:04:03.000
2026-08-01T07:11:19.367Z,Stoney Trail,EB Stoney Tr: Harvest Hills Blvd NW to 16 Ave NE,13,2026-08-01T01:04:03.000
2026-08-01T07:11:19.367Z,Stoney Trail,EB Stoney Tr: Harvest Hills Blvd NW to Glenmore Tr SE,19,2026-08-01T01:04:03.000
2026-08-01T07:11:19.367Z,Stoney Trail,EB Stoney W : Sarcee Tr NW to 16 Ave NE,18,2026-08-01T01:04:03.000
2026-08-01T07:11:19.367Z,Stoney Trail,EB Stoney W : Sarcee Tr NW to Deerfoot Tr N,8,2026-08-01T01:04:03.000
2026-08-01T07:11:19.367Z,Stoney Trail,NB Stoney Tr: 114 Ave SE to 16 Ave NE,8,2026-08-01T01:04:03.000
2026-08-01T07:11:19.367Z,Stoney Trail,NB Stoney Tr: 114 Ave SE to Deerfoot Tr NE,19,2026-08-01T01:04:03.000
2026-08-01T07:11:19.367Z,Stoney Trail,NB Stoney Tr: McKnight Blvd NE to Crowchild Tr NW,20,2026-08-01T01:04:03.000
2026-08-01T07:11:19.367Z,Stoney Trail,NB Stoney Tr: McKnight Blvd NE to Deerfoot Tr N,9,2026-08-01T01:04:03.000
2026-08-01T07:11:19.367Z,Stoney Trail,NB Stoney Tr: Peigan Tr SE to Deerfoot Tr NE,14,2026-08-01T01:04:03.000
2026-08-01T07:11:19.367Z,Stoney Trail,NB Stoney Tr: Peigan Tr SE to McKnight Blvd NE,6,2026-08-01T01:04:03.000
2026-08-01T07:11:19.367Z,Stoney Trail,SB Deerfoot Tr: Balzac  to Stoney Tr SE via Stoney Tr,26,2026-08-01T01:04:03.000
2026-08-01T07:11:19.367Z,Stoney Trail,SB Stoney Tr: Mcknight Blvd NE to Deerfoot Tr S,14,2026-08-01T01:04:03.000
2026-08-01T07:11:19.367Z,Stoney Trail,SB Stoney Tr: Mcknight Blvd NE to Glenmore Tr SE,7,2026-08-01T01:04:03.000
2026-08-01T07:11:19.367Z,Stoney Trail,SB Stoney Tr: Peigan Tr SE to 52 St SE,8,2026-08-01T01:04:03.000
2026-08-01T07:11:19.367Z,Stoney Trail,SB Stoney Tr: Peigan Tr SE to Macleod Tr SE,13,2026-08-01T01:04:03.000
2026-08-01T07:11:19.367Z,Stoney Trail,WB Stoney Tr: 52 St SE to James Mckevitt Rd SW,7,2026-08-01T01:04:03.000
2026-08-01T07:11:19.367Z,Stoney Trail,WB Stoney Tr: 52 St SE to Macleod Tr SE,5,2026-08-01T01:04:03.000
2026-08-01T07:11:19.367Z,Stoney Trail,WB Stoney Tr: Country Hills Blvd NW to 16 Ave NW,5,2026-08-01T01:04:03.000
2026-08-01T07:11:19.367Z,Stoney Trail,WB Stoney Tr: Deerfoot Tr NW to 16 Ave NW,13,2026-08-01T01:04:03.000
2026-08-01T07:11:19.367Z,Stoney Trail,WB Stoney Tr: Deerfoot Tr NW to Crowchild Tr NW,10,2026-08-01T01:04:03.000
2026-08-01T07:11:19.367Z,Trans Canada Highway,WB Trans Canada Hwy: Hwy 22 to Banff,51,2026-08-01T01:04:03.000
2026-08-01T09:23:10.801Z,16 Avenue,WB 16 Ave: Stoney Tr NE to Valley Ridge Bv NW via 16 Ave,29,2026-08-01T03:04:01.000
2026-08-01T09:23:10.801Z,16 Avenue,WB 16 Ave: Stoney Tr NE to Valley Ridge Bv Via Stoney Tr,27,2026-08-01T03:04:01.000
2026-08-01T09:23:10.801Z,Crowchild Trail,NB Crowchild Tr: 50 Ave SW to 24 Ave NW,7,2026-08-01T03:04:01.000
2026-08-01T09:23:10.801Z,Crowchild Trail,NB Crowchild Tr: 50 Ave SW to Memorial Dr NW,4,2026-08-01T03:04:01.000
2026-08-01T09:23:10.801Z,Crowchild Trail,NB Crowchild Tr: Glenmore Tr SW to 24 Ave NW,9,2026-08-01T03:04:01.000
2026-08-01T09:23:10.801Z,Crowchild Trail,SB Crowchild Tr: 12 Mile Coulee Rd NW to Glenmore Tr SW,16,2026-08-01T03:04:01.000
2026-08-01T09:23:10.801Z,Crowchild Trail,SB Crowchild Tr: 12 Mile Coulee Rd NW to Memorial Dr NW,12,2026-08-01T03:04:01.000
2026-08-01T09:23:10.801Z,Crowchild Trail,SB Crowchild Tr: 24 Ave NW to 17 Ave SW,5,2026-08-01T03:04:01.000
2026-08-01T09:23:10.801Z,Crowchild Trail,SB Crowchild Tr: 24 Ave NW to Glenmore Tr SW,9,2026-08-01T03:04:01.000
2026-08-01T09:23:10.801Z,Crowchild Trail,SB Crowchild Tr: 33 Ave SW to Deerfoot Tr SE,8,2026-08-01T03:04:01.000
2026-08-01T09:23:10.801Z,Crowchild Trail,SB Crowchild Tr: 33 Ave SW to Glenmore Tr SW,3,2026-08-01T03:04:01.000
2026-08-01T09:23:10.801Z,Deerfoot Trail,NB Deerfoot Tr: 17 Ave SE to Airport Tr NE,9,2026-08-01T03:04:01.000
2026-08-01T09:23:10.801Z,Deerfoot Trail,NB Deerfoot Tr: 17 Ave SE to Stoney Tr NE,12,2026-08-01T03:04:01.000
2026-08-01T09:23:10.801Z,Deerfoot Trail,NB Deerfoot Tr: 274 Ave S to City Centre via Deerfoot Tr,28,2026-08-01T03:04:01.000
2026-08-01T09:23:10.801Z,Deerfoot Trail,NB Deerfoot Tr: 32 Ave NE to Airport Tr NE,5,2026-08-01T03:04:01.000
2026-08-01T09:23:10.801Z,Deerfoot Trail,NB Deerfoot Tr: 32 Ave NE to Stoney Tr NE,7,2026-08-01T03:04:01.000
2026-08-01T09:23:10.801Z,Deerfoot Trail,NB Deerfoot Tr: 8 Ave NE to Airport Tr NE,7,2026-08-01T03:04:01.000
2026-08-01T09:23:10.801Z,Deerfoot Trail,NB Deerfoot Tr: 8 Ave NE to Stoney Tr NE,10,2026-08-01T03:04:01.000
2026-08-01T09:23:10.801Z,Deerfoot Trail,NB Deerfoot Tr: Anderson Rd SE to Airport Tr NE,16,2026-08-01T03:04:01.000
2026-08-01T09:23:10.801Z,Deerfoot Trail,NB Deerfoot Tr: Anderson Rd SE to Memorial Dr SE,9,2026-08-01T03:04:01.000
2026-08-01T09:23:10.801Z,Deerfoot Trail,NB Deerfoot Tr: Cranston Ave SE to Memorial Dr SE,18,2026-08-01T03:04:01.000
2026-08-01T09:23:10.801Z,Deerfoot Trail,NB Deerfoot Tr: Cranston Ave SE to Southland Dr SE,10,2026-08-01T03:04:01.000
2026-08-01T09:23:10.801Z,Deerfoot Trail,NB Deerfoot Tr: Glenmore Tr SE to Airport Tr NE,12,2026-08-01T03:04:01.000
2026-08-01T09:23:10.801Z,Deerfoot Trail,NB Deerfoot Tr: Glenmore Tr SE to Memorial Dr SE,5,2026-08-01T03:04:01.000
2026-08-01T09:23:10.801Z,Deerfoot Trail,NB Deerfoot Tr: Glenmore Tr SE to Stoney Tr NE,14,2026-08-01T03:04:01.000
2026-08-01T09:23:10.801Z,Deerfoot Trail,SB Deerfoot Tr: 17 Ave SE to Anderson Rd SE,9,2026-08-01T03:04:01.000
2026-08-01T09:23:10.801Z,Deerfoot Trail,SB Deerfoot Tr: 17 Ave SE to Stoney Tr SE,14,2026-08-01T03:04:01.000
2026-08-01T09:23:10.801Z,Deerfoot Trail,SB Deerfoot Tr: 64 Ave NE to Anderson Rd SE,14,2026-08-01T03:04:01.000
2026-08-01T09:23:10.801Z,Deerfoot Trail,SB Deerfoot Tr: 64 Ave NE to Memorial Dr SE,5,2026-08-01T03:04:01.000
2026-08-01T09:23:10.801Z,Deerfoot Trail,SB Deerfoot Tr: 8 Ave SE to Glenmore Tr SE,6,2026-08-01T03:04:01.000
2026-08-01T09:23:10.801Z,Deerfoot Trail,SB Deerfoot Tr: 8 Ave SE to Stoney Tr SE,15,2026-08-01T03:04:01.000
2026-08-01T09:23:10.801Z,Deerfoot Trail,SB Deerfoot Tr: Airport Tr NE to Anderson Rd SE,16,2026-08-01T03:04:01.000
2026-08-01T09:23:10.801Z,Deerfoot Trail,SB Deerfoot Tr: Airport Tr NE to Memorial Dr SE,7,2026-08-01T03:04:01.000
2026-08-01T09:23:10.801Z,Deerfoot Trail,SB Deerfoot Tr: Balzac  to Stoney Tr SE via Deerfoot Tr,25,2026-08-01T03:04:01.000
2026-08-01T09:23:10.801Z,Deerfoot Trail,SB Deerfoot Tr: Peigan Tr SE to Anderson Rd SE,7,2026-08-01T03:04:01.000
2026-08-01T09:23:10.801Z,Deerfoot Trail,SB Deerfoot Tr: Peigan Tr SE to Stoney Tr SE,12,2026-08-01T03:04:01.000
2026-08-01T09:23:10.801Z,Glenmore Trail,EB Glenmore Tr: Crowchild Tr SW to Deerfoot Tr SE,6,2026-08-01T03:04:01.000
2026-08-01T09:23:10.801Z,Glenmore Trail,WB Glenmore Tr: Odgen Rd SE to Bow Trail SW,12,2026-08-01T03:04:01.000
2026-08-01T09:23:10.801Z,Glenmore Trail,WB Glenmore Tr: Odgen Rd SE to Crowchild Tr SW,8,2026-08-01T03:04:01.000
2026-08-01T09:23:10.801Z,Macleod Trail,NB Macleod Tr: 274 Ave S to City Centre via Macleod Tr,26,2026-08-01T03:04:01.000
2026-08-01T09:23:10.801Z,Macleod Trail,NB Macleod Tr: Anderson Rd SE to 7 Av SE,14,2026-08-01T03:04:01.000
2026-08-01T09:23:10.801Z,Macleod Trail,NB Macleod Tr: Anderson Rd SE to Blackfoot Tr SW,23,2026-08-01T03:04:01.000
2026-08-01T09:23:10.801Z,Macleod Trail,NB Macleod Tr: Anderson Rd SE to Crowchild Tr SW,10,2026-08-01T03:04:01.000
2026-08-01T09:23:10.801Z,Macleod Trail,NB Macleod Tr: N of 25 Ave S to City Centre,3,2026-08-01T03:04:01.000
2026-08-01T09:23:10.801Z,Stoney Trail,EB Stoney Tr: Chaparral Blvd SE to 16 Ave NE,15,2026-08-01T03:04:01.000
2026-08-01T09:23:10.801Z,Stoney Trail,EB Stoney Tr: Chaparral Blvd SE to Glenmore Tr SE,9,2026-08-01T03:04:01.000
2026-08-01T09:23:10.801Z,Stoney Trail,EB Stoney Tr: Harvest Hills Blvd NW to 16 Ave NE,14,2026-08-01T03:04:01.000
2026-08-01T09:23:10.801Z,Stoney Trail,EB Stoney Tr: Harvest Hills Blvd NW to Glenmore Tr SE,19,2026-08-01T03:04:01.000
2026-08-01T09:23:10.801Z,Stoney Trail,EB Stoney W : Sarcee Tr NW to 16 Ave NE,18,2026-08-01T03:04:01.000
2026-08-01T09:23:10.801Z,Stoney Trail,EB Stoney W : Sarcee Tr NW to Deerfoot Tr N,8,2026-08-01T03:04:01.000
2026-08-01T09:23:10.801Z,Stoney Trail,NB Stoney Tr: 114 Ave SE to 16 Ave NE,8,2026-08-01T03:04:01.000
2026-08-01T09:23:10.801Z,Stoney Trail,NB Stoney Tr: 114 Ave SE to Deerfoot Tr NE,18,2026-08-01T03:04:01.000
2026-08-01T09:23:10.801Z,Stoney Trail,NB Stoney Tr: McKnight Blvd NE to Crowchild Tr NW,20,2026-08-01T03:04:01.000
2026-08-01T09:23:10.801Z,Stoney Trail,NB Stoney Tr: McKnight Blvd NE to Deerfoot Tr N,9,2026-08-01T03:04:01.000
2026-08-01T09:23:10.801Z,Stoney Trail,NB Stoney Tr: Peigan Tr SE to Deerfoot Tr NE,14,2026-08-01T03:04:01.000
2026-08-01T09:23:10.801Z,Stoney Trail,NB Stoney Tr: Peigan Tr SE to McKnight Blvd NE,6,2026-08-01T03:04:01.000
2026-08-01T09:23:10.801Z,Stoney Trail,SB Deerfoot Tr: Balzac  to Stoney Tr SE via Stoney Tr,26,2026-08-01T03:04:01.000
2026-08-01T09:23:10.801Z,Stoney Trail,SB Stoney Tr: Mcknight Blvd NE to Deerfoot Tr S,14,2026-08-01T03:04:01.000
2026-08-01T09:23:10.801Z,Stoney Trail,SB Stoney Tr: Mcknight Blvd NE to Glenmore Tr SE,8,2026-08-01T03:04:01.000
2026-08-01T09:23:10.801Z,Stoney Trail,SB Stoney Tr: Peigan Tr SE to 52 St SE,8,2026-08-01T03:04:01.000
2026-08-01T09:23:10.801Z,Stoney Trail,SB Stoney Tr: Peigan Tr SE to Macleod Tr SE,13,2026-08-01T03:04:01.000
2026-08-01T09:23:10.801Z,Stoney Trail,WB Stoney Tr: 52 St SE to James Mckevitt Rd SW,7,2026-08-01T03:04:01.000
2026-08-01T09:23:10.801Z,Stoney Trail,WB Stoney Tr: 52 St SE to Macleod Tr SE,5,2026-08-01T03:04:01.000
2026-08-01T09:23:10.801Z,Stoney Trail,WB Stoney Tr: Country Hills Blvd NW to 16 Ave NW,5,2026-08-01T03:04:01.000
2026-08-01T09:23:10.801Z,Stoney Trail,WB Stoney Tr: Deerfoot Tr NW to 16 Ave NW,13,2026-08-01T03:04:01.000
2026-08-01T09:23:10.801Z,Stoney Trail,WB Stoney Tr: Deerfoot Tr NW to Crowchild Tr NW,10,2026-08-01T03:04:01.000
2026-08-01T09:23:10.801Z,Trans Canada Highway,WB Trans Canada Hwy: Hwy 22 to Banff,52,2026-08-01T03:04:01.000
2026-08-01T11:03:51.211Z,16 Avenue,WB 16 Ave: Stoney Tr NE to Valley Ridge Bv NW via 16 Ave,31,2026-08-01T04:44:05.000
2026-08-01T11:03:51.211Z,16 Avenue,WB 16 Ave: Stoney Tr NE to Valley Ridge Bv Via Stoney Tr,27,2026-08-01T04:44:05.000
2026-08-01T11:03:51.211Z,Crowchild Trail,NB Crowchild Tr: 50 Ave SW to 24 Ave NW,7,2026-08-01T04:44:05.000
2026-08-01T11:03:51.211Z,Crowchild Trail,NB Crowchild Tr: 50 Ave SW to Memorial Dr NW,4,2026-08-01T04:44:05.000
2026-08-01T11:03:51.211Z,Crowchild Trail,NB Crowchild Tr: Glenmore Tr SW to 24 Ave NW,9,2026-08-01T04:44:05.000
2026-08-01T11:03:51.211Z,Crowchild Trail,SB Crowchild Tr: 12 Mile Coulee Rd NW to Glenmore Tr SW,16,2026-08-01T04:44:05.000
2026-08-01T11:03:51.211Z,Crowchild Trail,SB Crowchild Tr: 12 Mile Coulee Rd NW to Memorial Dr NW,12,2026-08-01T04:44:05.000
2026-08-01T11:03:51.211Z,Crowchild Trail,SB Crowchild Tr: 24 Ave NW to 17 Ave SW,5,2026-08-01T04:44:05.000
2026-08-01T11:03:51.211Z,Crowchild Trail,SB Crowchild Tr: 24 Ave NW to Glenmore Tr SW,9,2026-08-01T04:44:05.000
2026-08-01T11:03:51.211Z,Crowchild Trail,SB Crowchild Tr: 33 Ave SW to Deerfoot Tr SE,7,2026-08-01T04:44:05.000
2026-08-01T11:03:51.211Z,Crowchild Trail,SB Crowchild Tr: 33 Ave SW to Glenmore Tr SW,3,2026-08-01T04:44:05.000
2026-08-01T11:03:51.211Z,Deerfoot Trail,NB Deerfoot Tr: 17 Ave SE to Airport Tr NE,10,2026-08-01T04:44:05.000
2026-08-01T11:03:51.211Z,Deerfoot Trail,NB Deerfoot Tr: 17 Ave SE to Stoney Tr NE,13,2026-08-01T04:44:05.000
2026-08-01T11:03:51.211Z,Deerfoot Trail,NB Deerfoot Tr: 274 Ave S to City Centre via Deerfoot Tr,28,2026-08-01T04:44:05.000
2026-08-01T11:03:51.211Z,Deerfoot Trail,NB Deerfoot Tr: 32 Ave NE to Airport Tr NE,5,2026-08-01T04:44:05.000
2026-08-01T11:03:51.211Z,Deerfoot Trail,NB Deerfoot Tr: 32 Ave NE to Stoney Tr NE,8,2026-08-01T04:44:05.000
2026-08-01T11:03:51.211Z,Deerfoot Trail,NB Deerfoot Tr: 8 Ave NE to Airport Tr NE,8,2026-08-01T04:44:05.000
2026-08-01T11:03:51.211Z,Deerfoot Trail,NB Deerfoot Tr: 8 Ave NE to Stoney Tr NE,10,2026-08-01T04:44:05.000
2026-08-01T11:03:51.211Z,Deerfoot Trail,NB Deerfoot Tr: Anderson Rd SE to Airport Tr NE,17,2026-08-01T04:44:05.000
2026-08-01T11:03:51.211Z,Deerfoot Trail,NB Deerfoot Tr: Anderson Rd SE to Memorial Dr SE,9,2026-08-01T04:44:05.000
2026-08-01T11:03:51.211Z,Deerfoot Trail,NB Deerfoot Tr: Cranston Ave SE to Memorial Dr SE,17,2026-08-01T04:44:05.000
2026-08-01T11:03:51.211Z,Deerfoot Trail,NB Deerfoot Tr: Cranston Ave SE to Southland Dr SE,10,2026-08-01T04:44:05.000
2026-08-01T11:03:51.211Z,Deerfoot Trail,NB Deerfoot Tr: Glenmore Tr SE to Airport Tr NE,12,2026-08-01T04:44:05.000
2026-08-01T11:03:51.211Z,Deerfoot Trail,NB Deerfoot Tr: Glenmore Tr SE to Memorial Dr SE,5,2026-08-01T04:44:05.000
2026-08-01T11:03:51.211Z,Deerfoot Trail,NB Deerfoot Tr: Glenmore Tr SE to Stoney Tr NE,15,2026-08-01T04:44:05.000
2026-08-01T11:03:51.211Z,Deerfoot Trail,SB Deerfoot Tr: 17 Ave SE to Anderson Rd SE,9,2026-08-01T04:44:05.000
2026-08-01T11:03:51.211Z,Deerfoot Trail,SB Deerfoot Tr: 17 Ave SE to Stoney Tr SE,13,2026-08-01T04:44:05.000
2026-08-01T11:03:51.211Z,Deerfoot Trail,SB Deerfoot Tr: 64 Ave NE to Anderson Rd SE,14,2026-08-01T04:44:05.000
2026-08-01T11:03:51.211Z,Deerfoot Trail,SB Deerfoot Tr: 64 Ave NE to Memorial Dr SE,5,2026-08-01T04:44:05.000
2026-08-01T11:03:51.211Z,Deerfoot Trail,SB Deerfoot Tr: 8 Ave SE to Glenmore Tr SE,7,2026-08-01T04:44:05.000
2026-08-01T11:03:51.211Z,Deerfoot Trail,SB Deerfoot Tr: 8 Ave SE to Stoney Tr SE,15,2026-08-01T04:44:05.000
2026-08-01T11:03:51.211Z,Deerfoot Trail,SB Deerfoot Tr: Airport Tr NE to Anderson Rd SE,16,2026-08-01T04:44:05.000
2026-08-01T11:03:51.211Z,Deerfoot Trail,SB Deerfoot Tr: Airport Tr NE to Memorial Dr SE,7,2026-08-01T04:44:05.000
2026-08-01T11:03:51.211Z,Deerfoot Trail,SB Deerfoot Tr: Balzac  to Stoney Tr SE via Deerfoot Tr,25,2026-08-01T04:44:05.000
2026-08-01T11:03:51.211Z,Deerfoot Trail,SB Deerfoot Tr: Peigan Tr SE to Anderson Rd SE,7,2026-08-01T04:44:05.000
2026-08-01T11:03:51.211Z,Deerfoot Trail,SB Deerfoot Tr: Peigan Tr SE to Stoney Tr SE,12,2026-08-01T04:44:05.000
2026-08-01T11:03:51.211Z,Glenmore Trail,EB Glenmore Tr: Crowchild Tr SW to Deerfoot Tr SE,5,2026-08-01T04:44:05.000
2026-08-01T11:03:51.211Z,Glenmore Trail,WB Glenmore Tr: Odgen Rd SE to Bow Trail SW,11,2026-08-01T04:44:05.000
2026-08-01T11:03:51.211Z,Glenmore Trail,WB Glenmore Tr: Odgen Rd SE to Crowchild Tr SW,8,2026-08-01T04:44:05.000
2026-08-01T11:03:51.211Z,Macleod Trail,NB Macleod Tr: 274 Ave S to City Centre via Macleod Tr,25,2026-08-01T04:44:05.000
2026-08-01T11:03:51.211Z,Macleod Trail,NB Macleod Tr: Anderson Rd SE to 7 Av SE,14,2026-08-01T04:44:05.000
2026-08-01T11:03:51.211Z,Macleod Trail,NB Macleod Tr: Anderson Rd SE to Blackfoot Tr SW,23,2026-08-01T04:44:05.000
2026-08-01T11:03:51.211Z,Macleod Trail,NB Macleod Tr: Anderson Rd SE to Crowchild Tr SW,9,2026-08-01T04:44:05.000
2026-08-01T11:03:51.211Z,Macleod Trail,NB Macleod Tr: N of 25 Ave S to City Centre,3,2026-08-01T04:44:05.000
2026-08-01T11:03:51.211Z,Stoney Trail,EB Stoney Tr: Chaparral Blvd SE to 16 Ave NE,15,2026-08-01T04:44:05.000
2026-08-01T11:03:51.211Z,Stoney Trail,EB Stoney Tr: Chaparral Blvd SE to Glenmore Tr SE,9,2026-08-01T04:44:05.000
2026-08-01T11:03:51.211Z,Stoney Trail,EB Stoney Tr: Harvest Hills Blvd NW to 16 Ave NE,14,2026-08-01T04:44:05.000
2026-08-01T11:03:51.211Z,Stoney Trail,EB Stoney Tr: Harvest Hills Blvd NW to Glenmore Tr SE,19,2026-08-01T04:44:05.000
2026-08-01T11:03:51.211Z,Stoney Trail,EB Stoney W : Sarcee Tr NW to 16 Ave NE,18,2026-08-01T04:44:05.000
2026-08-01T11:03:51.211Z,Stoney Trail,EB Stoney W : Sarcee Tr NW to Deerfoot Tr N,8,2026-08-01T04:44:05.000
2026-08-01T11:03:51.211Z,Stoney Trail,NB Stoney Tr: 114 Ave SE to 16 Ave NE,8,2026-08-01T04:44:05.000
2026-08-01T11:03:51.211Z,Stoney Trail,NB Stoney Tr: 114 Ave SE to Deerfoot Tr NE,18,2026-08-01T04:44:05.000
2026-08-01T11:03:51.211Z,Stoney Trail,NB Stoney Tr: McKnight Blvd NE to Crowchild Tr NW,20,2026-08-01T04:44:05.000
2026-08-01T11:03:51.211Z,Stoney Trail,NB Stoney Tr: McKnight Blvd NE to Deerfoot Tr N,9,2026-08-01T04:44:05.000
2026-08-01T11:03:51.211Z,Stoney Trail,NB Stoney Tr: Peigan Tr SE to Deerfoot Tr NE,14,2026-08-01T04:44:05.000
2026-08-01T11:03:51.211Z,Stoney Trail,NB Stoney Tr: Peigan Tr SE to McKnight Blvd NE,6,2026-08-01T04:44:05.000
2026-08-01T11:03:51.211Z,Stoney Trail,SB Deerfoot Tr: Balzac  to Stoney Tr SE via Stoney Tr,26,2026-08-01T04:44:05.000
2026-08-01T11:03:51.211Z,Stoney Trail,SB Stoney Tr: Mcknight Blvd NE to Deerfoot Tr S,15,2026-08-01T04:44:05.000
2026-08-01T11:03:51.211Z,Stoney Trail,SB Stoney Tr: Mcknight Blvd NE to Glenmore Tr SE,8,2026-08-01T04:44:05.000
2026-08-01T11:03:51.211Z,Stoney Trail,SB Stoney Tr: Peigan Tr SE to 52 St SE,8,2026-08-01T04:44:05.000
2026-08-01T11:03:51.211Z,Stoney Trail,SB Stoney Tr: Peigan Tr SE to Macleod Tr SE,13,2026-08-01T04:44:05.000
2026-08-01T11:03:51.211Z,Stoney Trail,WB Stoney Tr: 52 St SE to James Mckevitt Rd SW,7,2026-08-01T04:44:05.000
2026-08-01T11:03:51.211Z,Stoney Trail,WB Stoney Tr: 52 St SE to Macleod Tr SE,5,2026-08-01T04:44:05.000
2026-08-01T11:03:51.211Z,Stoney Trail,WB Stoney Tr: Country Hills Blvd NW to 16 Ave NW,5,2026-08-01T04:44:05.000
2026-08-01T11:03:51.211Z,Stoney Trail,WB Stoney Tr: Deerfoot Tr NW to 16 Ave NW,13,2026-08-01T04:44:05.000
2026-08-01T11:03:51.211Z,Stoney Trail,WB Stoney Tr: Deerfoot Tr NW to Crowchild Tr NW,10,2026-08-01T04:44:05.000
2026-08-01T11:03:51.211Z,Trans Canada Highway,WB Trans Canada Hwy: Hwy 22 to Banff,51,2026-08-01T04:44:05.000
2026-08-01T12:14:13.982Z,16 Avenue,WB 16 Ave: Stoney Tr NE to Valley Ridge Bv NW via 16 Ave,30,2026-08-01T06:04:03.000
2026-08-01T12:14:13.982Z,16 Avenue,WB 16 Ave: Stoney Tr NE to Valley Ridge Bv Via Stoney Tr,26,2026-08-01T06:04:03.000
2026-08-01T12:14:13.982Z,Crowchild Trail,NB Crowchild Tr: 50 Ave SW to 24 Ave NW,7,2026-08-01T06:04:03.000
2026-08-01T12:14:13.982Z,Crowchild Trail,NB Crowchild Tr: 50 Ave SW to Memorial Dr NW,4,2026-08-01T06:04:03.000
2026-08-01T12:14:13.982Z,Crowchild Trail,NB Crowchild Tr: Glenmore Tr SW to 24 Ave NW,9,2026-08-01T06:04:03.000
2026-08-01T12:14:13.982Z,Crowchild Trail,SB Crowchild Tr: 12 Mile Coulee Rd NW to Glenmore Tr SW,16,2026-08-01T06:04:03.000
2026-08-01T12:14:13.982Z,Crowchild Trail,SB Crowchild Tr: 12 Mile Coulee Rd NW to Memorial Dr NW,12,2026-08-01T06:04:03.000
2026-08-01T12:14:13.982Z,Crowchild Trail,SB Crowchild Tr: 24 Ave NW to 17 Ave SW,5,2026-08-01T06:04:03.000
2026-08-01T12:14:13.982Z,Crowchild Trail,SB Crowchild Tr: 24 Ave NW to Glenmore Tr SW,9,2026-08-01T06:04:03.000
2026-08-01T12:14:13.982Z,Crowchild Trail,SB Crowchild Tr: 33 Ave SW to Deerfoot Tr SE,7,2026-08-01T06:04:03.000
2026-08-01T12:14:13.982Z,Crowchild Trail,SB Crowchild Tr: 33 Ave SW to Glenmore Tr SW,3,2026-08-01T06:04:03.000
2026-08-01T12:14:13.982Z,Deerfoot Trail,NB Deerfoot Tr: 17 Ave SE to Airport Tr NE,9,2026-08-01T06:04:03.000
2026-08-01T12:14:13.982Z,Deerfoot Trail,NB Deerfoot Tr: 17 Ave SE to Stoney Tr NE,11,2026-08-01T06:04:03.000
2026-08-01T12:14:13.982Z,Deerfoot Trail,NB Deerfoot Tr: 274 Ave S to City Centre via Deerfoot Tr,27,2026-08-01T06:04:03.000
2026-08-01T12:14:13.982Z,Deerfoot Trail,NB Deerfoot Tr: 32 Ave NE to Airport Tr NE,4,2026-08-01T06:04:03.000
2026-08-01T12:14:13.982Z,Deerfoot Trail,NB Deerfoot Tr: 32 Ave NE to Stoney Tr NE,7,2026-08-01T06:04:03.000
2026-08-01T12:14:13.982Z,Deerfoot Trail,NB Deerfoot Tr: 8 Ave NE to Airport Tr NE,7,2026-08-01T06:04:03.000
2026-08-01T12:14:13.982Z,Deerfoot Trail,NB Deerfoot Tr: 8 Ave NE to Stoney Tr NE,9,2026-08-01T06:04:03.000
2026-08-01T12:14:13.982Z,Deerfoot Trail,NB Deerfoot Tr: Anderson Rd SE to Airport Tr NE,16,2026-08-01T06:04:03.000
2026-08-01T12:14:13.982Z,Deerfoot Trail,NB Deerfoot Tr: Anderson Rd SE to Memorial Dr SE,9,2026-08-01T06:04:03.000
2026-08-01T12:14:13.982Z,Deerfoot Trail,NB Deerfoot Tr: Cranston Ave SE to Memorial Dr SE,17,2026-08-01T06:04:03.000
2026-08-01T12:14:13.982Z,Deerfoot Trail,NB Deerfoot Tr: Cranston Ave SE to Southland Dr SE,10,2026-08-01T06:04:03.000
2026-08-01T12:14:13.982Z,Deerfoot Trail,NB Deerfoot Tr: Glenmore Tr SE to Airport Tr NE,11,2026-08-01T06:04:03.000
2026-08-01T12:14:13.982Z,Deerfoot Trail,NB Deerfoot Tr: Glenmore Tr SE to Memorial Dr SE,5,2026-08-01T06:04:03.000
2026-08-01T12:14:13.982Z,Deerfoot Trail,NB Deerfoot Tr: Glenmore Tr SE to Stoney Tr NE,14,2026-08-01T06:04:03.000
2026-08-01T12:14:13.982Z,Deerfoot Trail,SB Deerfoot Tr: 17 Ave SE to Anderson Rd SE,8,2026-08-01T06:04:03.000
2026-08-01T12:14:13.982Z,Deerfoot Trail,SB Deerfoot Tr: 17 Ave SE to Stoney Tr SE,13,2026-08-01T06:04:03.000
2026-08-01T12:14:13.982Z,Deerfoot Trail,SB Deerfoot Tr: 64 Ave NE to Anderson Rd SE,13,2026-08-01T06:04:03.000
2026-08-01T12:14:13.982Z,Deerfoot Trail,SB Deerfoot Tr: 64 Ave NE to Memorial Dr SE,5,2026-08-01T06:04:03.000
2026-08-01T12:14:13.982Z,Deerfoot Trail,SB Deerfoot Tr: 8 Ave SE to Glenmore Tr SE,6,2026-08-01T06:04:03.000
2026-08-01T12:14:13.982Z,Deerfoot Trail,SB Deerfoot Tr: 8 Ave SE to Stoney Tr SE,14,2026-08-01T06:04:03.000
2026-08-01T12:14:13.982Z,Deerfoot Trail,SB Deerfoot Tr: Airport Tr NE to Anderson Rd SE,15,2026-08-01T06:04:03.000
2026-08-01T12:14:13.982Z,Deerfoot Trail,SB Deerfoot Tr: Airport Tr NE to Memorial Dr SE,7,2026-08-01T06:04:03.000
2026-08-01T12:14:13.982Z,Deerfoot Trail,SB Deerfoot Tr: Balzac  to Stoney Tr SE via Deerfoot Tr,25,2026-08-01T06:04:03.000
2026-08-01T12:14:13.982Z,Deerfoot Trail,SB Deerfoot Tr: Peigan Tr SE to Anderson Rd SE,7,2026-08-01T06:04:03.000
2026-08-01T12:14:13.982Z,Deerfoot Trail,SB Deerfoot Tr: Peigan Tr SE to Stoney Tr SE,11,2026-08-01T06:04:03.000
2026-08-01T12:14:13.982Z,Glenmore Trail,EB Glenmore Tr: Crowchild Tr SW to Deerfoot Tr SE,5,2026-08-01T06:04:03.000
2026-08-01T12:14:13.982Z,Glenmore Trail,WB Glenmore Tr: Odgen Rd SE to Bow Trail SW,11,2026-08-01T06:04:03.000
2026-08-01T12:14:13.982Z,Glenmore Trail,WB Glenmore Tr: Odgen Rd SE to Crowchild Tr SW,7,2026-08-01T06:04:03.000
2026-08-01T12:14:13.982Z,Macleod Trail,NB Macleod Tr: 274 Ave S to City Centre via Macleod Tr,25,2026-08-01T06:04:03.000
2026-08-01T12:14:13.982Z,Macleod Trail,NB Macleod Tr: Anderson Rd SE to 7 Av SE,14,2026-08-01T06:04:03.000
2026-08-01T12:14:13.982Z,Macleod Trail,NB Macleod Tr: Anderson Rd SE to Blackfoot Tr SW,22,2026-08-01T06:04:03.000
2026-08-01T12:14:13.982Z,Macleod Trail,NB Macleod Tr: Anderson Rd SE to Crowchild Tr SW,9,2026-08-01T06:04:03.000
2026-08-01T12:14:13.982Z,Macleod Trail,NB Macleod Tr: N of 25 Ave S to City Centre,3,2026-08-01T06:04:03.000
2026-08-01T12:14:13.982Z,Stoney Trail,EB Stoney Tr: Chaparral Blvd SE to 16 Ave NE,14,2026-08-01T06:04:03.000
2026-08-01T12:14:13.982Z,Stoney Trail,EB Stoney Tr: Chaparral Blvd SE to Glenmore Tr SE,9,2026-08-01T06:04:03.000
2026-08-01T12:14:13.982Z,Stoney Trail,EB Stoney Tr: Harvest Hills Blvd NW to 16 Ave NE,14,2026-08-01T06:04:03.000
2026-08-01T12:14:13.982Z,Stoney Trail,EB Stoney Tr: Harvest Hills Blvd NW to Glenmore Tr SE,19,2026-08-01T06:04:03.000
2026-08-01T12:14:13.982Z,Stoney Trail,EB Stoney W : Sarcee Tr NW to 16 Ave NE,18,2026-08-01T06:04:03.000
2026-08-01T12:14:13.982Z,Stoney Trail,EB Stoney W : Sarcee Tr NW to Deerfoot Tr N,7,2026-08-01T06:04:03.000
2026-08-01T12:14:13.982Z,Stoney Trail,NB Stoney Tr: 114 Ave SE to 16 Ave NE,7,2026-08-01T06:04:03.000
2026-08-01T12:14:13.982Z,Stoney Trail,NB Stoney Tr: 114 Ave SE to Deerfoot Tr NE,18,2026-08-01T06:04:03.000
2026-08-01T12:14:13.982Z,Stoney Trail,NB Stoney Tr: McKnight Blvd NE to Crowchild Tr NW,19,2026-08-01T06:04:03.000
2026-08-01T12:14:13.982Z,Stoney Trail,NB Stoney Tr: McKnight Blvd NE to Deerfoot Tr N,9,2026-08-01T06:04:03.000
2026-08-01T12:14:13.982Z,Stoney Trail,NB Stoney Tr: Peigan Tr SE to Deerfoot Tr NE,14,2026-08-01T06:04:03.000
2026-08-01T12:14:13.982Z,Stoney Trail,NB Stoney Tr: Peigan Tr SE to McKnight Blvd NE,6,2026-08-01T06:04:03.000
2026-08-01T12:14:13.982Z,Stoney Trail,SB Deerfoot Tr: Balzac  to Stoney Tr SE via Stoney Tr,26,2026-08-01T06:04:03.000
2026-08-01T12:14:13.982Z,Stoney Trail,SB Stoney Tr: Mcknight Blvd NE to Deerfoot Tr S,15,2026-08-01T06:04:03.000
2026-08-01T12:14:13.982Z,Stoney Trail,SB Stoney Tr: Mcknight Blvd NE to Glenmore Tr SE,8,2026-08-01T06:04:03.000
2026-08-01T12:14:13.982Z,Stoney Trail,SB Stoney Tr: Peigan Tr SE to 52 St SE,9,2026-08-01T06:04:03.000
2026-08-01T12:14:13.982Z,Stoney Trail,SB Stoney Tr: Peigan Tr SE to Macleod Tr SE,13,2026-08-01T06:04:03.000
2026-08-01T12:14:13.982Z,Stoney Trail,WB Stoney Tr: 52 St SE to James Mckevitt Rd SW,7,2026-08-01T06:04:03.000
2026-08-01T12:14:13.982Z,Stoney Trail,WB Stoney Tr: 52 St SE to Macleod Tr SE,5,2026-08-01T06:04:03.000
2026-08-01T12:14:13.982Z,Stoney Trail,WB Stoney Tr: Country Hills Blvd NW to 16 Ave NW,5,2026-08-01T06:04:03.000
2026-08-01T12:14:13.982Z,Stoney Trail,WB Stoney Tr: Deerfoot Tr NW to 16 Ave NW,12,2026-08-01T06:04:03.000
2026-08-01T12:14:13.982Z,Stoney Trail,WB Stoney Tr: Deerfoot Tr NW to Crowchild Tr NW,9,2026-08-01T06:04:03.000
2026-08-01T12:14:13.982Z,Trans Canada Highway,WB Trans Canada Hwy: Hwy 22 to Banff,50,2026-08-01T06:04:03.000
2026-08-01T12:14:13.982Z,Trans Canada Highway,WB Trans Canada Hwy: Hwy 22 to Kananaskis Village,42,2026-08-01T06:04:03.000
2026-08-01T13:57:32.300Z,16 Avenue,WB 16 Ave: Stoney Tr NE to Valley Ridge Bv NW via 16 Ave,30,2026-08-01T07:44:03.000
2026-08-01T13:57:32.300Z,16 Avenue,WB 16 Ave: Stoney Tr NE to Valley Ridge Bv Via Stoney Tr,25,2026-08-01T07:44:03.000
2026-08-01T13:57:32.300Z,Crowchild Trail,NB Crowchild Tr: 50 Ave SW to 24 Ave NW,7,2026-08-01T07:44:03.000
2026-08-01T13:57:32.300Z,Crowchild Trail,NB Crowchild Tr: 50 Ave SW to Memorial Dr NW,4,2026-08-01T07:44:03.000
2026-08-01T13:57:32.300Z,Crowchild Trail,NB Crowchild Tr: Glenmore Tr SW to 24 Ave NW,9,2026-08-01T07:44:03.000
2026-08-01T13:57:32.300Z,Crowchild Trail,SB Crowchild Tr: 12 Mile Coulee Rd NW to Glenmore Tr SW,16,2026-08-01T07:44:03.000
2026-08-01T13:57:32.300Z,Crowchild Trail,SB Crowchild Tr: 12 Mile Coulee Rd NW to Memorial Dr NW,12,2026-08-01T07:44:03.000
2026-08-01T13:57:32.300Z,Crowchild Trail,SB Crowchild Tr: 24 Ave NW to 17 Ave SW,5,2026-08-01T07:44:03.000
2026-08-01T13:57:32.300Z,Crowchild Trail,SB Crowchild Tr: 24 Ave NW to Glenmore Tr SW,9,2026-08-01T07:44:03.000
2026-08-01T13:57:32.300Z,Crowchild Trail,SB Crowchild Tr: 33 Ave SW to Deerfoot Tr SE,7,2026-08-01T07:44:03.000
2026-08-01T13:57:32.300Z,Crowchild Trail,SB Crowchild Tr: 33 Ave SW to Glenmore Tr SW,3,2026-08-01T07:44:03.000
2026-08-01T13:57:32.300Z,Deerfoot Trail,NB Deerfoot Tr: 17 Ave SE to Airport Tr NE,9,2026-08-01T07:44:03.000
2026-08-01T13:57:32.300Z,Deerfoot Trail,NB Deerfoot Tr: 17 Ave SE to Stoney Tr NE,11,2026-08-01T07:44:03.000
2026-08-01T13:57:32.300Z,Deerfoot Trail,NB Deerfoot Tr: 274 Ave S to City Centre via Deerfoot Tr,27,2026-08-01T07:44:03.000
2026-08-01T13:57:32.300Z,Deerfoot Trail,NB Deerfoot Tr: 32 Ave NE to Airport Tr NE,4,2026-08-01T07:44:03.000
2026-08-01T13:57:32.300Z,Deerfoot Trail,NB Deerfoot Tr: 32 Ave NE to Stoney Tr NE,7,2026-08-01T07:44:03.000
2026-08-01T13:57:32.300Z,Deerfoot Trail,NB Deerfoot Tr: 8 Ave NE to Airport Tr NE,6,2026-08-01T07:44:03.000
2026-08-01T13:57:32.300Z,Deerfoot Trail,NB Deerfoot Tr: 8 Ave NE to Stoney Tr NE,9,2026-08-01T07:44:03.000
2026-08-01T13:57:32.300Z,Deerfoot Trail,NB Deerfoot Tr: Anderson Rd SE to Airport Tr NE,15,2026-08-01T07:44:03.000
2026-08-01T13:57:32.300Z,Deerfoot Trail,NB Deerfoot Tr: Anderson Rd SE to Memorial Dr SE,9,2026-08-01T07:44:03.000
2026-08-01T13:57:32.300Z,Deerfoot Trail,NB Deerfoot Tr: Cranston Ave SE to Memorial Dr SE,17,2026-08-01T07:44:03.000
2026-08-01T13:57:32.300Z,Deerfoot Trail,NB Deerfoot Tr: Cranston Ave SE to Southland Dr SE,10,2026-08-01T07:44:03.000
2026-08-01T13:57:32.300Z,Deerfoot Trail,NB Deerfoot Tr: Glenmore Tr SE to Airport Tr NE,11,2026-08-01T07:44:03.000
2026-08-01T13:57:32.300Z,Deerfoot Trail,NB Deerfoot Tr: Glenmore Tr SE to Memorial Dr SE,5,2026-08-01T07:44:03.000
2026-08-01T13:57:32.300Z,Deerfoot Trail,NB Deerfoot Tr: Glenmore Tr SE to Stoney Tr NE,13,2026-08-01T07:44:03.000
2026-08-01T13:57:32.300Z,Deerfoot Trail,SB Deerfoot Tr: 17 Ave SE to Anderson Rd SE,8,2026-08-01T07:44:03.000
2026-08-01T13:57:32.300Z,Deerfoot Trail,SB Deerfoot Tr: 17 Ave SE to Stoney Tr SE,13,2026-08-01T07:44:03.000
2026-08-01T13:57:32.300Z,Deerfoot Trail,SB Deerfoot Tr: 64 Ave NE to Anderson Rd SE,14,2026-08-01T07:44:03.000
2026-08-01T13:57:32.300Z,Deerfoot Trail,SB Deerfoot Tr: 64 Ave NE to Memorial Dr SE,5,2026-08-01T07:44:03.000
2026-08-01T13:57:32.300Z,Deerfoot Trail,SB Deerfoot Tr: 8 Ave SE to Glenmore Tr SE,6,2026-08-01T07:44:03.000
2026-08-01T13:57:32.300Z,Deerfoot Trail,SB Deerfoot Tr: 8 Ave SE to Stoney Tr SE,15,2026-08-01T07:44:03.000
2026-08-01T13:57:32.300Z,Deerfoot Trail,SB Deerfoot Tr: Airport Tr NE to Anderson Rd SE,15,2026-08-01T07:44:03.000
2026-08-01T13:57:32.300Z,Deerfoot Trail,SB Deerfoot Tr: Airport Tr NE to Memorial Dr SE,7,2026-08-01T07:44:03.000
2026-08-01T13:57:32.300Z,Deerfoot Trail,SB Deerfoot Tr: Balzac  to Stoney Tr SE via Deerfoot Tr,25,2026-08-01T07:44:03.000
2026-08-01T13:57:32.300Z,Deerfoot Trail,SB Deerfoot Tr: Peigan Tr SE to Anderson Rd SE,7,2026-08-01T07:44:03.000
2026-08-01T13:57:32.300Z,Deerfoot Trail,SB Deerfoot Tr: Peigan Tr SE to Stoney Tr SE,12,2026-08-01T07:44:03.000
2026-08-01T13:57:32.300Z,Glenmore Trail,EB Glenmore Tr: Crowchild Tr SW to Deerfoot Tr SE,5,2026-08-01T07:44:03.000
2026-08-01T13:57:32.300Z,Glenmore Trail,WB Glenmore Tr: Odgen Rd SE to Bow Trail SW,10,2026-08-01T07:44:03.000
2026-08-01T13:57:32.300Z,Glenmore Trail,WB Glenmore Tr: Odgen Rd SE to Crowchild Tr SW,7,2026-08-01T07:44:03.000
2026-08-01T13:57:32.300Z,Macleod Trail,NB Macleod Tr: 274 Ave S to City Centre via Macleod Tr,25,2026-08-01T07:44:03.000
2026-08-01T13:57:32.300Z,Macleod Trail,NB Macleod Tr: Anderson Rd SE to 7 Av SE,14,2026-08-01T07:44:03.000
2026-08-01T13:57:32.300Z,Macleod Trail,NB Macleod Tr: Anderson Rd SE to Blackfoot Tr SW,23,2026-08-01T07:44:03.000
2026-08-01T13:57:32.300Z,Macleod Trail,NB Macleod Tr: Anderson Rd SE to Crowchild Tr SW,9,2026-08-01T07:44:03.000
2026-08-01T13:57:32.300Z,Macleod Trail,NB Macleod Tr: N of 25 Ave S to City Centre,3,2026-08-01T07:44:03.000
2026-08-01T13:57:32.300Z,Stoney Trail,EB Stoney Tr: Chaparral Blvd SE to 16 Ave NE,14,2026-08-01T07:44:03.000
2026-08-01T13:57:32.300Z,Stoney Trail,EB Stoney Tr: Chaparral Blvd SE to Glenmore Tr SE,9,2026-08-01T07:44:03.000
2026-08-01T13:57:32.300Z,Stoney Trail,EB Stoney Tr: Harvest Hills Blvd NW to 16 Ave NE,14,2026-08-01T07:44:03.000
2026-08-01T13:57:32.300Z,Stoney Trail,EB Stoney Tr: Harvest Hills Blvd NW to Glenmore Tr SE,20,2026-08-01T07:44:03.000
2026-08-01T13:57:32.300Z,Stoney Trail,EB Stoney W : Sarcee Tr NW to 16 Ave NE,18,2026-08-01T07:44:03.000
2026-08-01T13:57:32.300Z,Stoney Trail,EB Stoney W : Sarcee Tr NW to Deerfoot Tr N,7,2026-08-01T07:44:03.000
2026-08-01T13:57:32.300Z,Stoney Trail,NB Stoney Tr: 114 Ave SE to 16 Ave NE,8,2026-08-01T07:44:03.000
2026-08-01T13:57:32.300Z,Stoney Trail,NB Stoney Tr: 114 Ave SE to Deerfoot Tr NE,18,2026-08-01T07:44:03.000
2026-08-01T13:57:32.300Z,Stoney Trail,NB Stoney Tr: McKnight Blvd NE to Crowchild Tr NW,19,2026-08-01T07:44:03.000
2026-08-01T13:57:32.300Z,Stoney Trail,NB Stoney Tr: McKnight Blvd NE to Deerfoot Tr N,8,2026-08-01T07:44:03.000
2026-08-01T13:57:32.300Z,Stoney Trail,NB Stoney Tr: Peigan Tr SE to Deerfoot Tr NE,13,2026-08-01T07:44:03.000
2026-08-01T13:57:32.300Z,Stoney Trail,NB Stoney Tr: Peigan Tr SE to McKnight Blvd NE,5,2026-08-01T07:44:03.000
2026-08-01T13:57:32.300Z,Stoney Trail,SB Deerfoot Tr: Balzac  to Stoney Tr SE via Stoney Tr,27,2026-08-01T07:44:03.000
2026-08-01T13:57:32.300Z,Stoney Trail,SB Stoney Tr: Mcknight Blvd NE to Deerfoot Tr S,15,2026-08-01T07:44:03.000
2026-08-01T13:57:32.300Z,Stoney Trail,SB Stoney Tr: Mcknight Blvd NE to Glenmore Tr SE,8,2026-08-01T07:44:03.000
2026-08-01T13:57:32.300Z,Stoney Trail,SB Stoney Tr: Peigan Tr SE to 52 St SE,9,2026-08-01T07:44:03.000
2026-08-01T13:57:32.300Z,Stoney Trail,SB Stoney Tr: Peigan Tr SE to Macleod Tr SE,13,2026-08-01T07:44:03.000
2026-08-01T13:57:32.300Z,Stoney Trail,WB Stoney Tr: 52 St SE to James Mckevitt Rd SW,7,2026-08-01T07:44:03.000
2026-08-01T13:57:32.300Z,Stoney Trail,WB Stoney Tr: 52 St SE to Macleod Tr SE,5,2026-08-01T07:44:03.000
2026-08-01T13:57:32.300Z,Stoney Trail,WB Stoney Tr: Country Hills Blvd NW to 16 Ave NW,5,2026-08-01T07:44:03.000
2026-08-01T13:57:32.300Z,Stoney Trail,WB Stoney Tr: Deerfoot Tr NW to 16 Ave NW,12,2026-08-01T07:44:03.000
2026-08-01T13:57:32.300Z,Stoney Trail,WB Stoney Tr: Deerfoot Tr NW to Crowchild Tr NW,9,2026-08-01T07:44:03.000
2026-08-01T13:57:32.300Z,Trans Canada Highway,WB Trans Canada Hwy: Hwy 22 to Banff,50,2026-08-01T07:44:03.000
2026-08-01T13:57:32.300Z,Trans Canada Highway,WB Trans Canada Hwy: Hwy 22 to Kananaskis Village,42,2026-08-01T07:44:03.000
2026-08-01T15:00:19.133Z,16 Avenue,WB 16 Ave: Stoney Tr NE to Valley Ridge Bv NW via 16 Ave,29,2026-08-01T08:44:01.000
2026-08-01T15:00:19.133Z,16 Avenue,WB 16 Ave: Stoney Tr NE to Valley Ridge Bv Via Stoney Tr,27,2026-08-01T08:44:01.000
2026-08-01T15:00:19.133Z,Crowchild Trail,NB Crowchild Tr: 50 Ave SW to 24 Ave NW,7,2026-08-01T08:44:01.000
2026-08-01T15:00:19.133Z,Crowchild Trail,NB Crowchild Tr: 50 Ave SW to Memorial Dr NW,4,2026-08-01T08:44:01.000
2026-08-01T15:00:19.133Z,Crowchild Trail,NB Crowchild Tr: Glenmore Tr SW to 24 Ave NW,9,2026-08-01T08:44:01.000
2026-08-01T15:00:19.133Z,Crowchild Trail,SB Crowchild Tr: 12 Mile Coulee Rd NW to Glenmore Tr SW,16,2026-08-01T08:44:01.000
2026-08-01T15:00:19.133Z,Crowchild Trail,SB Crowchild Tr: 12 Mile Coulee Rd NW to Memorial Dr NW,12,2026-08-01T08:44:01.000
2026-08-01T15:00:19.133Z,Crowchild Trail,SB Crowchild Tr: 24 Ave NW to 17 Ave SW,5,2026-08-01T08:44:01.000
2026-08-01T15:00:19.133Z,Crowchild Trail,SB Crowchild Tr: 24 Ave NW to Glenmore Tr SW,9,2026-08-01T08:44:01.000
2026-08-01T15:00:19.133Z,Crowchild Trail,SB Crowchild Tr: 33 Ave SW to Deerfoot Tr SE,7,2026-08-01T08:44:01.000
2026-08-01T15:00:19.133Z,Crowchild Trail,SB Crowchild Tr: 33 Ave SW to Glenmore Tr SW,3,2026-08-01T08:44:01.000
2026-08-01T15:00:19.133Z,Deerfoot Trail,NB Deerfoot Tr: 17 Ave SE to Airport Tr NE,9,2026-08-01T08:44:01.000
2026-08-01T15:00:19.133Z,Deerfoot Trail,NB Deerfoot Tr: 17 Ave SE to Stoney Tr NE,12,2026-08-01T08:44:01.000
2026-08-01T15:00:19.133Z,Deerfoot Trail,NB Deerfoot Tr: 274 Ave S to City Centre via Deerfoot Tr,27,2026-08-01T08:44:01.000
2026-08-01T15:00:19.133Z,Deerfoot Trail,NB Deerfoot Tr: 32 Ave NE to Airport Tr NE,5,2026-08-01T08:44:01.000
2026-08-01T15:00:19.133Z,Deerfoot Trail,NB Deerfoot Tr: 32 Ave NE to Stoney Tr NE,7,2026-08-01T08:44:01.000
2026-08-01T15:00:19.133Z,Deerfoot Trail,NB Deerfoot Tr: 8 Ave NE to Airport Tr NE,7,2026-08-01T08:44:01.000
2026-08-01T15:00:19.133Z,Deerfoot Trail,NB Deerfoot Tr: 8 Ave NE to Stoney Tr NE,9,2026-08-01T08:44:01.000
2026-08-01T15:00:19.133Z,Deerfoot Trail,NB Deerfoot Tr: Anderson Rd SE to Airport Tr NE,16,2026-08-01T08:44:01.000
2026-08-01T15:00:19.133Z,Deerfoot Trail,NB Deerfoot Tr: Anderson Rd SE to Memorial Dr SE,10,2026-08-01T08:44:01.000
2026-08-01T15:00:19.133Z,Deerfoot Trail,NB Deerfoot Tr: Cranston Ave SE to Memorial Dr SE,17,2026-08-01T08:44:01.000
2026-08-01T15:00:19.133Z,Deerfoot Trail,NB Deerfoot Tr: Cranston Ave SE to Southland Dr SE,10,2026-08-01T08:44:01.000
2026-08-01T15:00:19.133Z,Deerfoot Trail,NB Deerfoot Tr: Glenmore Tr SE to Airport Tr NE,11,2026-08-01T08:44:01.000
2026-08-01T15:00:19.133Z,Deerfoot Trail,NB Deerfoot Tr: Glenmore Tr SE to Memorial Dr SE,5,2026-08-01T08:44:01.000
2026-08-01T15:00:19.133Z,Deerfoot Trail,NB Deerfoot Tr: Glenmore Tr SE to Stoney Tr NE,14,2026-08-01T08:44:01.000
2026-08-01T15:00:19.133Z,Deerfoot Trail,SB Deerfoot Tr: 17 Ave SE to Anderson Rd SE,9,2026-08-01T08:44:01.000
2026-08-01T15:00:19.133Z,Deerfoot Trail,SB Deerfoot Tr: 17 Ave SE to Stoney Tr SE,13,2026-08-01T08:44:01.000
2026-08-01T15:00:19.133Z,Deerfoot Trail,SB Deerfoot Tr: 64 Ave NE to Anderson Rd SE,14,2026-08-01T08:44:01.000
2026-08-01T15:00:19.133Z,Deerfoot Trail,SB Deerfoot Tr: 64 Ave NE to Memorial Dr SE,5,2026-08-01T08:44:01.000
2026-08-01T15:00:19.133Z,Deerfoot Trail,SB Deerfoot Tr: 8 Ave SE to Glenmore Tr SE,6,2026-08-01T08:44:01.000
2026-08-01T15:00:19.133Z,Deerfoot Trail,SB Deerfoot Tr: 8 Ave SE to Stoney Tr SE,15,2026-08-01T08:44:01.000
2026-08-01T15:00:19.133Z,Deerfoot Trail,SB Deerfoot Tr: Airport Tr NE to Anderson Rd SE,16,2026-08-01T08:44:01.000
2026-08-01T15:00:19.133Z,Deerfoot Trail,SB Deerfoot Tr: Airport Tr NE to Memorial Dr SE,7,2026-08-01T08:44:01.000
2026-08-01T15:00:19.133Z,Deerfoot Trail,SB Deerfoot Tr: Balzac  to Stoney Tr SE via Deerfoot Tr,25,2026-08-01T08:44:01.000
2026-08-01T15:00:19.133Z,Deerfoot Trail,SB Deerfoot Tr: Peigan Tr SE to Anderson Rd SE,7,2026-08-01T08:44:01.000
2026-08-01T15:00:19.133Z,Deerfoot Trail,SB Deerfoot Tr: Peigan Tr SE to Stoney Tr SE,12,2026-08-01T08:44:01.000
2026-08-01T15:00:19.133Z,Glenmore Trail,EB Glenmore Tr: Crowchild Tr SW to Deerfoot Tr SE,5,2026-08-01T08:44:01.000
2026-08-01T15:00:19.133Z,Glenmore Trail,WB Glenmore Tr: Odgen Rd SE to Bow Trail SW,11,2026-08-01T08:44:01.000
2026-08-01T15:00:19.133Z,Glenmore Trail,WB Glenmore Tr: Odgen Rd SE to Crowchild Tr SW,8,2026-08-01T08:44:01.000
2026-08-01T15:00:19.133Z,Macleod Trail,NB Macleod Tr: 274 Ave S to City Centre via Macleod Tr,29,2026-08-01T08:44:01.000
2026-08-01T15:00:19.133Z,Macleod Trail,NB Macleod Tr: Anderson Rd SE to 7 Av SE,16,2026-08-01T08:44:01.000
2026-08-01T15:00:19.133Z,Macleod Trail,NB Macleod Tr: Anderson Rd SE to Blackfoot Tr SW,23,2026-08-01T08:44:01.000
2026-08-01T15:00:19.133Z,Macleod Trail,NB Macleod Tr: Anderson Rd SE to Crowchild Tr SW,10,2026-08-01T08:44:01.000
2026-08-01T15:00:19.133Z,Macleod Trail,NB Macleod Tr: N of 25 Ave S to City Centre,3,2026-08-01T08:44:01.000
2026-08-01T15:00:19.133Z,Stoney Trail,EB Stoney Tr: Chaparral Blvd SE to 16 Ave NE,15,2026-08-01T08:44:01.000
2026-08-01T15:00:19.133Z,Stoney Trail,EB Stoney Tr: Chaparral Blvd SE to Glenmore Tr SE,9,2026-08-01T08:44:01.000
2026-08-01T15:00:19.133Z,Stoney Trail,EB Stoney Tr: Harvest Hills Blvd NW to 16 Ave NE,14,2026-08-01T08:44:01.000
2026-08-01T15:00:19.133Z,Stoney Trail,EB Stoney Tr: Harvest Hills Blvd NW to Glenmore Tr SE,19,2026-08-01T08:44:01.000
2026-08-01T15:00:19.133Z,Stoney Trail,EB Stoney W : Sarcee Tr NW to 16 Ave NE,18,2026-08-01T08:44:01.000
2026-08-01T15:00:19.133Z,Stoney Trail,EB Stoney W : Sarcee Tr NW to Deerfoot Tr N,8,2026-08-01T08:44:01.000
2026-08-01T15:00:19.133Z,Stoney Trail,NB Stoney Tr: 114 Ave SE to 16 Ave NE,8,2026-08-01T08:44:01.000
2026-08-01T15:00:19.133Z,Stoney Trail,NB Stoney Tr: 114 Ave SE to Deerfoot Tr NE,18,2026-08-01T08:44:01.000
2026-08-01T15:00:19.133Z,Stoney Trail,NB Stoney Tr: McKnight Blvd NE to Crowchild Tr NW,20,2026-08-01T08:44:01.000
2026-08-01T15:00:19.133Z,Stoney Trail,NB Stoney Tr: McKnight Blvd NE to Deerfoot Tr N,9,2026-08-01T08:44:01.000
2026-08-01T15:00:19.133Z,Stoney Trail,NB Stoney Tr: Peigan Tr SE to Deerfoot Tr NE,14,2026-08-01T08:44:01.000
2026-08-01T15:00:19.133Z,Stoney Trail,NB Stoney Tr: Peigan Tr SE to McKnight Blvd NE,6,2026-08-01T08:44:01.000
2026-08-01T15:00:19.133Z,Stoney Trail,SB Deerfoot Tr: Balzac  to Stoney Tr SE via Stoney Tr,26,2026-08-01T08:44:01.000
2026-08-01T15:00:19.133Z,Stoney Trail,SB Stoney Tr: Mcknight Blvd NE to Deerfoot Tr S,15,2026-08-01T08:44:01.000
2026-08-01T15:00:19.133Z,Stoney Trail,SB Stoney Tr: Mcknight Blvd NE to Glenmore Tr SE,8,2026-08-01T08:44:01.000
2026-08-01T15:00:19.133Z,Stoney Trail,SB Stoney Tr: Peigan Tr SE to 52 St SE,8,2026-08-01T08:44:01.000
2026-08-01T15:00:19.133Z,Stoney Trail,SB Stoney Tr: Peigan Tr SE to Macleod Tr SE,13,2026-08-01T08:44:01.000
2026-08-01T15:00:19.133Z,Stoney Trail,WB Stoney Tr: 52 St SE to James Mckevitt Rd SW,7,2026-08-01T08:44:01.000
2026-08-01T15:00:19.133Z,Stoney Trail,WB Stoney Tr: 52 St SE to Macleod Tr SE,5,2026-08-01T08:44:01.000
2026-08-01T15:00:19.133Z,Stoney Trail,WB Stoney Tr: Country Hills Blvd NW to 16 Ave NW,5,2026-08-01T08:44:01.000
2026-08-01T15:00:19.133Z,Stoney Trail,WB Stoney Tr: Deerfoot Tr NW to 16 Ave NW,13,2026-08-01T08:44:01.000
2026-08-01T15:00:19.133Z,Stoney Trail,WB Stoney Tr: Deerfoot Tr NW to Crowchild Tr NW,10,2026-08-01T08:44:01.000
2026-08-01T15:00:19.133Z,Trans Canada Highway,WB Trans Canada Hwy: Hwy 22 to Banff,53,2026-08-01T08:44:01.000
2026-08-01T15:00:19.133Z,Trans Canada Highway,WB Trans Canada Hwy: Hwy 22 to Kananaskis Village,44,2026-08-01T08:44:01.000
2026-08-01T16:14:18.678Z,16 Avenue,WB 16 Ave: Stoney Tr NE to Valley Ridge Bv NW via 16 Ave,33,2026-08-01T10:04:01.000
2026-08-01T16:14:18.678Z,16 Avenue,WB 16 Ave: Stoney Tr NE to Valley Ridge Bv Via Stoney Tr,27,2026-08-01T10:04:01.000
2026-08-01T16:14:18.678Z,Crowchild Trail,NB Crowchild Tr: 50 Ave SW to 24 Ave NW,8,2026-08-01T10:04:01.000
2026-08-01T16:14:18.678Z,Crowchild Trail,NB Crowchild Tr: 50 Ave SW to Memorial Dr NW,4,2026-08-01T10:04:01.000
2026-08-01T16:14:18.678Z,Crowchild Trail,NB Crowchild Tr: Glenmore Tr SW to 24 Ave NW,10,2026-08-01T10:04:01.000
2026-08-01T16:14:18.678Z,Crowchild Trail,SB Crowchild Tr: 12 Mile Coulee Rd NW to Glenmore Tr SW,16,2026-08-01T10:04:01.000
2026-08-01T16:14:18.678Z,Crowchild Trail,SB Crowchild Tr: 12 Mile Coulee Rd NW to Memorial Dr NW,12,2026-08-01T10:04:01.000
2026-08-01T16:14:18.678Z,Crowchild Trail,SB Crowchild Tr: 24 Ave NW to 17 Ave SW,5,2026-08-01T10:04:01.000
2026-08-01T16:14:18.678Z,Crowchild Trail,SB Crowchild Tr: 24 Ave NW to Glenmore Tr SW,9,2026-08-01T10:04:01.000
2026-08-01T16:14:18.678Z,Crowchild Trail,SB Crowchild Tr: 33 Ave SW to Deerfoot Tr SE,7,2026-08-01T10:04:01.000
2026-08-01T16:14:18.678Z,Crowchild Trail,SB Crowchild Tr: 33 Ave SW to Glenmore Tr SW,3,2026-08-01T10:04:01.000
2026-08-01T16:14:18.678Z,Deerfoot Trail,NB Deerfoot Tr: 17 Ave SE to Airport Tr NE,9,2026-08-01T10:04:01.000
2026-08-01T16:14:18.678Z,Deerfoot Trail,NB Deerfoot Tr: 17 Ave SE to Stoney Tr NE,11,2026-08-01T10:04:01.000
2026-08-01T16:14:18.678Z,Deerfoot Trail,NB Deerfoot Tr: 274 Ave S to City Centre via Deerfoot Tr,28,2026-08-01T10:04:01.000
2026-08-01T16:14:18.678Z,Deerfoot Trail,NB Deerfoot Tr: 32 Ave NE to Airport Tr NE,4,2026-08-01T10:04:01.000
2026-08-01T16:14:18.678Z,Deerfoot Trail,NB Deerfoot Tr: 32 Ave NE to Stoney Tr NE,7,2026-08-01T10:04:01.000
2026-08-01T16:14:18.678Z,Deerfoot Trail,NB Deerfoot Tr: 8 Ave NE to Airport Tr NE,6,2026-08-01T10:04:01.000
2026-08-01T16:14:18.678Z,Deerfoot Trail,NB Deerfoot Tr: 8 Ave NE to Stoney Tr NE,9,2026-08-01T10:04:01.000
2026-08-01T16:14:18.678Z,Deerfoot Trail,NB Deerfoot Tr: Anderson Rd SE to Airport Tr NE,16,2026-08-01T10:04:01.000
2026-08-01T16:14:18.678Z,Deerfoot Trail,NB Deerfoot Tr: Anderson Rd SE to Memorial Dr SE,10,2026-08-01T10:04:01.000
2026-08-01T16:14:18.678Z,Deerfoot Trail,NB Deerfoot Tr: Cranston Ave SE to Memorial Dr SE,18,2026-08-01T10:04:01.000
2026-08-01T16:14:18.678Z,Deerfoot Trail,NB Deerfoot Tr: Cranston Ave SE to Southland Dr SE,10,2026-08-01T10:04:01.000
2026-08-01T16:14:18.678Z,Deerfoot Trail,NB Deerfoot Tr: Glenmore Tr SE to Airport Tr NE,11,2026-08-01T10:04:01.000
2026-08-01T16:14:18.678Z,Deerfoot Trail,NB Deerfoot Tr: Glenmore Tr SE to Memorial Dr SE,5,2026-08-01T10:04:01.000
2026-08-01T16:14:18.678Z,Deerfoot Trail,NB Deerfoot Tr: Glenmore Tr SE to Stoney Tr NE,13,2026-08-01T10:04:01.000
2026-08-01T16:14:18.678Z,Deerfoot Trail,SB Deerfoot Tr: 17 Ave SE to Anderson Rd SE,8,2026-08-01T10:04:01.000
2026-08-01T16:14:18.678Z,Deerfoot Trail,SB Deerfoot Tr: 17 Ave SE to Stoney Tr SE,13,2026-08-01T10:04:01.000
2026-08-01T16:14:18.678Z,Deerfoot Trail,SB Deerfoot Tr: 64 Ave NE to Anderson Rd SE,13,2026-08-01T10:04:01.000
2026-08-01T16:14:18.678Z,Deerfoot Trail,SB Deerfoot Tr: 64 Ave NE to Memorial Dr SE,5,2026-08-01T10:04:01.000
2026-08-01T16:14:18.678Z,Deerfoot Trail,SB Deerfoot Tr: 8 Ave SE to Glenmore Tr SE,6,2026-08-01T10:04:01.000
2026-08-01T16:14:18.678Z,Deerfoot Trail,SB Deerfoot Tr: 8 Ave SE to Stoney Tr SE,15,2026-08-01T10:04:01.000
2026-08-01T16:14:18.678Z,Deerfoot Trail,SB Deerfoot Tr: Airport Tr NE to Anderson Rd SE,15,2026-08-01T10:04:01.000
2026-08-01T16:14:18.678Z,Deerfoot Trail,SB Deerfoot Tr: Airport Tr NE to Memorial Dr SE,7,2026-08-01T10:04:01.000
2026-08-01T16:14:18.678Z,Deerfoot Trail,SB Deerfoot Tr: Balzac  to Stoney Tr SE via Deerfoot Tr,24,2026-08-01T10:04:01.000
2026-08-01T16:14:18.678Z,Deerfoot Trail,SB Deerfoot Tr: Peigan Tr SE to Anderson Rd SE,7,2026-08-01T10:04:01.000
2026-08-01T16:14:18.678Z,Deerfoot Trail,SB Deerfoot Tr: Peigan Tr SE to Stoney Tr SE,12,2026-08-01T10:04:01.000
2026-08-01T16:14:18.678Z,Glenmore Trail,EB Glenmore Tr: Crowchild Tr SW to Deerfoot Tr SE,5,2026-08-01T10:04:01.000
2026-08-01T16:14:18.678Z,Glenmore Trail,WB Glenmore Tr: Odgen Rd SE to Bow Trail SW,11,2026-08-01T10:04:01.000
2026-08-01T16:14:18.678Z,Glenmore Trail,WB Glenmore Tr: Odgen Rd SE to Crowchild Tr SW,7,2026-08-01T10:04:01.000
2026-08-01T16:14:18.678Z,Macleod Trail,NB Macleod Tr: 274 Ave S to City Centre via Macleod Tr,31,2026-08-01T10:04:01.000
2026-08-01T16:14:18.678Z,Macleod Trail,NB Macleod Tr: Anderson Rd SE to 7 Av SE,16,2026-08-01T10:04:01.000
2026-08-01T16:14:18.678Z,Macleod Trail,NB Macleod Tr: Anderson Rd SE to Blackfoot Tr SW,26,2026-08-01T10:04:01.000
2026-08-01T16:14:18.678Z,Macleod Trail,NB Macleod Tr: Anderson Rd SE to Crowchild Tr SW,11,2026-08-01T10:04:01.000
2026-08-01T16:14:18.678Z,Macleod Trail,NB Macleod Tr: N of 25 Ave S to City Centre,3,2026-08-01T10:04:01.000
2026-08-01T16:14:18.678Z,Stoney Trail,EB Stoney Tr: Chaparral Blvd SE to 16 Ave NE,15,2026-08-01T10:04:01.000
2026-08-01T16:14:18.678Z,Stoney Trail,EB Stoney Tr: Chaparral Blvd SE to Glenmore Tr SE,9,2026-08-01T10:04:01.000
2026-08-01T16:14:18.678Z,Stoney Trail,EB Stoney Tr: Harvest Hills Blvd NW to 16 Ave NE,13,2026-08-01T10:04:01.000
2026-08-01T16:14:18.678Z,Stoney Trail,EB Stoney Tr: Harvest Hills Blvd NW to Glenmore Tr SE,19,2026-08-01T10:04:01.000
2026-08-01T16:14:18.678Z,Stoney Trail,EB Stoney W : Sarcee Tr NW to 16 Ave NE,18,2026-08-01T10:04:01.000
2026-08-01T16:14:18.678Z,Stoney Trail,EB Stoney W : Sarcee Tr NW to Deerfoot Tr N,8,2026-08-01T10:04:01.000
2026-08-01T16:14:18.678Z,Stoney Trail,NB Stoney Tr: 114 Ave SE to 16 Ave NE,8,2026-08-01T10:04:01.000
2026-08-01T16:14:18.678Z,Stoney Trail,NB Stoney Tr: 114 Ave SE to Deerfoot Tr NE,19,2026-08-01T10:04:01.000
2026-08-01T16:14:18.678Z,Stoney Trail,NB Stoney Tr: McKnight Blvd NE to Crowchild Tr NW,20,2026-08-01T10:04:01.000
2026-08-01T16:14:18.678Z,Stoney Trail,NB Stoney Tr: McKnight Blvd NE to Deerfoot Tr N,9,2026-08-01T10:04:01.000
2026-08-01T16:14:18.678Z,Stoney Trail,NB Stoney Tr: Peigan Tr SE to Deerfoot Tr NE,14,2026-08-01T10:04:01.000
2026-08-01T16:14:18.678Z,Stoney Trail,NB Stoney Tr: Peigan Tr SE to McKnight Blvd NE,6,2026-08-01T10:04:01.000
2026-08-01T16:14:18.678Z,Stoney Trail,SB Deerfoot Tr: Balzac  to Stoney Tr SE via Stoney Tr,26,2026-08-01T10:04:01.000
2026-08-01T16:14:18.678Z,Stoney Trail,SB Stoney Tr: Mcknight Blvd NE to Deerfoot Tr S,14,2026-08-01T10:04:01.000
2026-08-01T16:14:18.678Z,Stoney Trail,SB Stoney Tr: Mcknight Blvd NE to Glenmore Tr SE,7,2026-08-01T10:04:01.000
2026-08-01T16:14:18.678Z,Stoney Trail,SB Stoney Tr: Peigan Tr SE to 52 St SE,8,2026-08-01T10:04:01.000
2026-08-01T16:14:18.678Z,Stoney Trail,SB Stoney Tr: Peigan Tr SE to Macleod Tr SE,13,2026-08-01T10:04:01.000
2026-08-01T16:14:18.678Z,Stoney Trail,WB Stoney Tr: 52 St SE to James Mckevitt Rd SW,7,2026-08-01T10:04:01.000
2026-08-01T16:14:18.678Z,Stoney Trail,WB Stoney Tr: 52 St SE to Macleod Tr SE,5,2026-08-01T10:04:01.000
2026-08-01T16:14:18.678Z,Stoney Trail,WB Stoney Tr: Country Hills Blvd NW to 16 Ave NW,6,2026-08-01T10:04:01.000
2026-08-01T16:14:18.678Z,Stoney Trail,WB Stoney Tr: Deerfoot Tr NW to 16 Ave NW,13,2026-08-01T10:04:01.000
2026-08-01T16:14:18.678Z,Stoney Trail,WB Stoney Tr: Deerfoot Tr NW to Crowchild Tr NW,9,2026-08-01T10:04:01.000
2026-08-01T16:14:18.678Z,Trans Canada Highway,WB Trans Canada Hwy: Hwy 22 to Banff,54,2026-08-01T10:04:01.000
2026-08-01T16:14:18.678Z,Trans Canada Highway,WB Trans Canada Hwy: Hwy 22 to Kananaskis Village,45,2026-08-01T10:04:01.000
2026-08-01T17:17:01.486Z,16 Avenue,WB 16 Ave: Stoney Tr NE to Valley Ridge Bv NW via 16 Ave,34,2026-08-01T11:04:01.000
2026-08-01T17:17:01.486Z,16 Avenue,WB 16 Ave: Stoney Tr NE to Valley Ridge Bv Via Stoney Tr,26,2026-08-01T11:04:01.000
2026-08-01T17:17:01.486Z,Crowchild Trail,NB Crowchild Tr: 50 Ave SW to 24 Ave NW,8,2026-08-01T11:04:01.000
2026-08-01T17:17:01.486Z,Crowchild Trail,NB Crowchild Tr: 50 Ave SW to Memorial Dr NW,4,2026-08-01T11:04:01.000
2026-08-01T17:17:01.486Z,Crowchild Trail,NB Crowchild Tr: Glenmore Tr SW to 24 Ave NW,10,2026-08-01T11:04:01.000
2026-08-01T17:17:01.486Z,Crowchild Trail,SB Crowchild Tr: 12 Mile Coulee Rd NW to Glenmore Tr SW,17,2026-08-01T11:04:01.000
2026-08-01T17:17:01.486Z,Crowchild Trail,SB Crowchild Tr: 12 Mile Coulee Rd NW to Memorial Dr NW,12,2026-08-01T11:04:01.000
2026-08-01T17:17:01.486Z,Crowchild Trail,SB Crowchild Tr: 24 Ave NW to 17 Ave SW,5,2026-08-01T11:04:01.000
2026-08-01T17:17:01.486Z,Crowchild Trail,SB Crowchild Tr: 24 Ave NW to Glenmore Tr SW,9,2026-08-01T11:04:01.000
2026-08-01T17:17:01.486Z,Crowchild Trail,SB Crowchild Tr: 33 Ave SW to Deerfoot Tr SE,8,2026-08-01T11:04:01.000
2026-08-01T17:17:01.486Z,Crowchild Trail,SB Crowchild Tr: 33 Ave SW to Glenmore Tr SW,3,2026-08-01T11:04:01.000
2026-08-01T17:17:01.486Z,Deerfoot Trail,NB Deerfoot Tr: 17 Ave SE to Airport Tr NE,9,2026-08-01T11:04:01.000
2026-08-01T17:17:01.486Z,Deerfoot Trail,NB Deerfoot Tr: 17 Ave SE to Stoney Tr NE,11,2026-08-01T11:04:01.000
2026-08-01T17:17:01.486Z,Deerfoot Trail,NB Deerfoot Tr: 274 Ave S to City Centre via Deerfoot Tr,28,2026-08-01T11:04:01.000
2026-08-01T17:17:01.486Z,Deerfoot Trail,NB Deerfoot Tr: 32 Ave NE to Airport Tr NE,4,2026-08-01T11:04:01.000
2026-08-01T17:17:01.486Z,Deerfoot Trail,NB Deerfoot Tr: 32 Ave NE to Stoney Tr NE,7,2026-08-01T11:04:01.000
2026-08-01T17:17:01.486Z,Deerfoot Trail,NB Deerfoot Tr: 8 Ave NE to Airport Tr NE,6,2026-08-01T11:04:01.000
2026-08-01T17:17:01.486Z,Deerfoot Trail,NB Deerfoot Tr: 8 Ave NE to Stoney Tr NE,9,2026-08-01T11:04:01.000
2026-08-01T17:17:01.486Z,Deerfoot Trail,NB Deerfoot Tr: Anderson Rd SE to Airport Tr NE,16,2026-08-01T11:04:01.000
2026-08-01T17:17:01.486Z,Deerfoot Trail,NB Deerfoot Tr: Anderson Rd SE to Memorial Dr SE,9,2026-08-01T11:04:01.000
2026-08-01T17:17:01.486Z,Deerfoot Trail,NB Deerfoot Tr: Cranston Ave SE to Memorial Dr SE,17,2026-08-01T11:04:01.000
2026-08-01T17:17:01.486Z,Deerfoot Trail,NB Deerfoot Tr: Cranston Ave SE to Southland Dr SE,10,2026-08-01T11:04:01.000
2026-08-01T17:17:01.486Z,Deerfoot Trail,NB Deerfoot Tr: Glenmore Tr SE to Airport Tr NE,11,2026-08-01T11:04:01.000
2026-08-01T17:17:01.486Z,Deerfoot Trail,NB Deerfoot Tr: Glenmore Tr SE to Memorial Dr SE,5,2026-08-01T11:04:01.000
2026-08-01T17:17:01.486Z,Deerfoot Trail,NB Deerfoot Tr: Glenmore Tr SE to Stoney Tr NE,14,2026-08-01T11:04:01.000
2026-08-01T17:17:01.486Z,Deerfoot Trail,SB Deerfoot Tr: 17 Ave SE to Anderson Rd SE,9,2026-08-01T11:04:01.000
2026-08-01T17:17:01.486Z,Deerfoot Trail,SB Deerfoot Tr: 17 Ave SE to Stoney Tr SE,14,2026-08-01T11:04:01.000
2026-08-01T17:17:01.486Z,Deerfoot Trail,SB Deerfoot Tr: 64 Ave NE to Anderson Rd SE,14,2026-08-01T11:04:01.000
2026-08-01T17:17:01.486Z,Deerfoot Trail,SB Deerfoot Tr: 64 Ave NE to Memorial Dr SE,5,2026-08-01T11:04:01.000
2026-08-01T17:17:01.486Z,Deerfoot Trail,SB Deerfoot Tr: 8 Ave SE to Glenmore Tr SE,6,2026-08-01T11:04:01.000
2026-08-01T17:17:01.486Z,Deerfoot Trail,SB Deerfoot Tr: 8 Ave SE to Stoney Tr SE,15,2026-08-01T11:04:01.000
2026-08-01T17:17:01.486Z,Deerfoot Trail,SB Deerfoot Tr: Airport Tr NE to Anderson Rd SE,16,2026-08-01T11:04:01.000
2026-08-01T17:17:01.486Z,Deerfoot Trail,SB Deerfoot Tr: Airport Tr NE to Memorial Dr SE,7,2026-08-01T11:04:01.000
2026-08-01T17:17:01.486Z,Deerfoot Trail,SB Deerfoot Tr: Balzac  to Stoney Tr SE via Deerfoot Tr,25,2026-08-01T11:04:01.000
2026-08-01T17:17:01.486Z,Deerfoot Trail,SB Deerfoot Tr: Peigan Tr SE to Anderson Rd SE,7,2026-08-01T11:04:01.000
2026-08-01T17:17:01.486Z,Deerfoot Trail,SB Deerfoot Tr: Peigan Tr SE to Stoney Tr SE,12,2026-08-01T11:04:01.000
2026-08-01T17:17:01.486Z,Glenmore Trail,EB Glenmore Tr: Crowchild Tr SW to Deerfoot Tr SE,5,2026-08-01T11:04:01.000
2026-08-01T17:17:01.486Z,Glenmore Trail,WB Glenmore Tr: Odgen Rd SE to Bow Trail SW,11,2026-08-01T11:04:01.000
2026-08-01T17:17:01.486Z,Glenmore Trail,WB Glenmore Tr: Odgen Rd SE to Crowchild Tr SW,8,2026-08-01T11:04:01.000
2026-08-01T17:17:01.486Z,Macleod Trail,NB Macleod Tr: 274 Ave S to City Centre via Macleod Tr,31,2026-08-01T11:04:01.000
2026-08-01T17:17:01.486Z,Macleod Trail,NB Macleod Tr: Anderson Rd SE to 7 Av SE,17,2026-08-01T11:04:01.000
2026-08-01T17:17:01.486Z,Macleod Trail,NB Macleod Tr: Anderson Rd SE to Blackfoot Tr SW,26,2026-08-01T11:04:01.000
2026-08-01T17:17:01.486Z,Macleod Trail,NB Macleod Tr: Anderson Rd SE to Crowchild Tr SW,12,2026-08-01T11:04:01.000
2026-08-01T17:17:01.486Z,Macleod Trail,NB Macleod Tr: N of 25 Ave S to City Centre,3,2026-08-01T11:04:01.000
2026-08-01T17:17:01.486Z,Stoney Trail,EB Stoney Tr: Chaparral Blvd SE to 16 Ave NE,15,2026-08-01T11:04:01.000
2026-08-01T17:17:01.486Z,Stoney Trail,EB Stoney Tr: Chaparral Blvd SE to Glenmore Tr SE,9,2026-08-01T11:04:01.000
2026-08-01T17:17:01.486Z,Stoney Trail,EB Stoney Tr: Harvest Hills Blvd NW to 16 Ave NE,13,2026-08-01T11:04:01.000
2026-08-01T17:17:01.486Z,Stoney Trail,EB Stoney Tr: Harvest Hills Blvd NW to Glenmore Tr SE,19,2026-08-01T11:04:01.000
2026-08-01T17:17:01.486Z,Stoney Trail,EB Stoney W : Sarcee Tr NW to 16 Ave NE,18,2026-08-01T11:04:01.000
2026-08-01T17:17:01.486Z,Stoney Trail,EB Stoney W : Sarcee Tr NW to Deerfoot Tr N,7,2026-08-01T11:04:01.000
2026-08-01T17:17:01.486Z,Stoney Trail,NB Stoney Tr: 114 Ave SE to 16 Ave NE,8,2026-08-01T11:04:01.000
2026-08-01T17:17:01.486Z,Stoney Trail,NB Stoney Tr: 114 Ave SE to Deerfoot Tr NE,18,2026-08-01T11:04:01.000
2026-08-01T17:17:01.486Z,Stoney Trail,NB Stoney Tr: McKnight Blvd NE to Crowchild Tr NW,19,2026-08-01T11:04:01.000
2026-08-01T17:17:01.486Z,Stoney Trail,NB Stoney Tr: McKnight Blvd NE to Deerfoot Tr N,8,2026-08-01T11:04:01.000
2026-08-01T17:17:01.486Z,Stoney Trail,NB Stoney Tr: Peigan Tr SE to Deerfoot Tr NE,13,2026-08-01T11:04:01.000
2026-08-01T17:17:01.486Z,Stoney Trail,NB Stoney Tr: Peigan Tr SE to McKnight Blvd NE,6,2026-08-01T11:04:01.000
2026-08-01T17:17:01.486Z,Stoney Trail,SB Deerfoot Tr: Balzac  to Stoney Tr SE via Stoney Tr,26,2026-08-01T11:04:01.000
2026-08-01T17:17:01.486Z,Stoney Trail,SB Stoney Tr: Mcknight Blvd NE to Deerfoot Tr S,15,2026-08-01T11:04:01.000
2026-08-01T17:17:01.486Z,Stoney Trail,SB Stoney Tr: Mcknight Blvd NE to Glenmore Tr SE,8,2026-08-01T11:04:01.000
2026-08-01T17:17:01.486Z,Stoney Trail,SB Stoney Tr: Peigan Tr SE to 52 St SE,9,2026-08-01T11:04:01.000
2026-08-01T17:17:01.486Z,Stoney Trail,SB Stoney Tr: Peigan Tr SE to Macleod Tr SE,14,2026-08-01T11:04:01.000
2026-08-01T17:17:01.486Z,Stoney Trail,WB Stoney Tr: 52 St SE to James Mckevitt Rd SW,7,2026-08-01T11:04:01.000
2026-08-01T17:17:01.486Z,Stoney Trail,WB Stoney Tr: 52 St SE to Macleod Tr SE,5,2026-08-01T11:04:01.000
2026-08-01T17:17:01.486Z,Stoney Trail,WB Stoney Tr: Country Hills Blvd NW to 16 Ave NW,5,2026-08-01T11:04:01.000
2026-08-01T17:17:01.486Z,Stoney Trail,WB Stoney Tr: Deerfoot Tr NW to 16 Ave NW,13,2026-08-01T11:04:01.000
2026-08-01T17:17:01.486Z,Stoney Trail,WB Stoney Tr: Deerfoot Tr NW to Crowchild Tr NW,9,2026-08-01T11:04:01.000
2026-08-01T17:17:01.486Z,Trans Canada Highway,WB Trans Canada Hwy: Hwy 22 to Banff,60,2026-08-01T11:04:01.000
2026-08-01T17:17:01.486Z,Trans Canada Highway,WB Trans Canada Hwy: Hwy 22 to Kananaskis Village,51,2026-08-01T11:04:01.000
